HIP107;0.33380215;-50.33739912;6;7.34;11.68;0;5.6243
HIP122;0.39937926;-77.06529438;14.77;-57.26;-176.35;0;4.9354
HIP154;0.48996509;-6.01397174;8.29;46.92;-40.34;0;4.412
HIP355;1.12550978;-10.50949449;2.08;-6.48;-11.39;0;5.0996
HIP443;1.33394062;-5.7078331;25.21;-10.69;88.74;0;4.7803
HIP677;2.09653243;29.09082758;33.85;134.79;-162.73;0;2.0371
HIP746;2.29204034;59.15021812;59.86;523.67;-179.72;0;2.3579
HIP765;2.35224947;-45.74698838;23.15;120.61;-179.11;0;4.0452
HIP983;3.04145457;-17.93821792;5.79;52.83;-24.34;0;5.4056
HIP1067;3.3089584;15.18361599;9.87;1.73;-9.44;0;2.7544
HIP1074;3.33145205;-84.99402067;3.97;11.35;17.78;0;5.8488
HIP1158;3.61496786;-7.78053802;4.73;61.07;7.28;0;5.1798
HIP1168;3.65045053;20.2066972;9.81;91.29;1.73;0;4.8756
HIP1170;3.66013612;-18.9326863;7.02;-26.48;-72.93;0;4.5262
HIP1562;4.85701268;-8.82382947;11.42;-14.54;-36.35;0;3.7314
HIP1599;5.00797582;-64.87762321;116.39;1707.35;1164.55;0;4.3443
HIP1728;5.44264517;-20.05799252;3.93;60.6;-12.51;0;5.4391
HIP2021;6.41334176;-77.25503508;133.76;2220.3;325.15;0;2.9305
HIP2072;6.55048427;-43.67990927;42.72;106.12;32.76;0;3.9946
HIP2081;6.57027885;-42.30511994;36.45;205.4;-389.16;0;2.5512
HIP2210;6.98213602;-33.00704459;5.84;-21.07;-49.86;0;4.9006
HIP2219;7.01185231;17.89307502;6.88;114.5;20.58;0;5.0291
HIP2240;7.11007303;-39.91490196;8.31;136.64;-39.94;0;5.5259
HIP2484;7.88567002;-62.95808542;23.83;83.61;-54.08;0;4.3328
HIP2487;7.88897956;-62.96545016;19.6;87.51;-49.73;0;4.5529
HIP3092;9.8316579;30.86122496;23;122.59;-103.84;0;3.4328
HIP3179;10.12661344;56.53740933;13.38;50.36;-32.07;0;2.4107
HIP3245;10.33156807;-46.08500907;12.52;-20.44;2;0;4.7591
HIP3405;10.8385169;-57.46309765;13.92;-6.6;13.79;0;4.37
HIP3419;10.89678448;-17.9866841;34.1;233.22;32.53;0;2.2062
HIP3455;11.04752284;-10.60927372;15.11;-8.96;-113.68;0;4.9349
HIP3632;11.63739996;15.47561212;5.31;-30.99;-47.37;0;5.3801
HIP3693;11.83495906;24.26737684;18.64;-101.02;-80.65;0;4.2487
HIP3781;12.14632748;-74.92335355;15.77;132.97;-33.55;0;5.2344
HIP3786;12.17039743;7.58520188;11.08;82.35;-50.01;0;4.5555
HIP3821;12.2712521;57.81654812;169.56;1082.68;-555.34;0;3.5835
HIP4147;13.25204401;-1.14422063;5.55;5.08;-16.3;0;4.8864
HIP4200;13.40741173;-62.87135338;4.98;72.69;0.66;0;5.6532
HIP4371;14.00627515;-11.26650686;5.95;-27.56;-7.74;0;5.4752
HIP4427;14.17708805;60.71674967;5.23;25.78;-4.11;0;2.1379
HIP4463;14.30178233;23.41775994;13.49;-43.56;-45.8;0;4.5603
HIP4577;14.65144111;-29.35746445;4.98;20.68;5.37;0;4.2628
HIP4906;15.73606619;7.89007261;17.41;-79.82;25.58;0;4.4267
HIP5165;16.5212629;-46.71848333;7.26;-33.25;13.27;0;3.4646
HIP5348;17.09608827;-55.245832;12.12;22.02;30.21;0;3.9219
HIP5364;17.14693198;-10.18192799;27.69;216.25;-138.21;0;3.6235
HIP5447;17.4324899;35.62083048;16.43;176.12;-112.04;0;2.1741
HIP5571;17.86330895;21.03467568;7.53;39.42;-10.8;0;4.8317
HIP5742;18.43722992;24.58376485;7.75;16.99;-23.11;0;4.8341
HIP6537;21.00604698;-8.18275334;26.94;-77.26;-204.22;0;3.7757
HIP6670;21.40503867;-14.59875438;10.84;42.38;-16.51;0;5.0613
HIP6686;21.45251271;60.23540353;33.53;295.99;-48.94;0;2.7146
HIP6867;22.09142299;-43.3177288;14.03;-16.98;-206.38;0;3.5329
HIP7007;22.54559597;6.14393321;8.78;291.49;-46.21;0;4.9799
HIP7083;22.81242314;-49.07307702;22.4;138.11;154.32;0;4.0987
HIP7097;22.87080909;15.34583199;9.59;26.81;-2;0;3.7914
HIP7588;24.42813285;-57.23665976;20.58;94.77;-31.61;0;0.4233
HIP7607;24.49792661;48.62848643;18.2;62.99;-112.29;0;3.7515
HIP7884;25.35794817;5.48760444;9.02;-23.14;3.25;0;4.5914
HIP7999;25.68132034;-3.69011701;2.54;-10;-33.8;0;5.1677
HIP8102;26.02136446;-15.93955591;273.95;-1721.42;854.8;0;3.6295
HIP8198;26.3482878;9.15764258;8.01;68.08;50.28;0;4.4268
HIP8230;26.49694067;-5.733227;5.91;-10.42;-29.86;0;5.4934
HIP8240;26.52469167;-50.81621314;4.96;41.9;-16.84;0;5.5513
HIP8497;27.39662963;-10.6861807;42.31;-148.07;-93.57;0;4.7411
HIP8645;27.86504409;-10.33494534;12.99;38.44;-38.76;0;3.9067
HIP8796;28.27041582;29.57939727;50.39;10.87;-234.74;0;3.521
HIP8833;28.38890441;3.18747796;17.95;20;23.69;0;4.7688
HIP8837;28.41174869;-46.30244624;9.38;-93.12;-88.83;0;4.4099
HIP8886;28.59868119;63.67014681;7.62;32.55;-18.7;0;3.3107
HIP8903;28.659784;20.80829958;56.25;96.78;-108.93;0;2.7044
HIP8928;28.73339511;-67.64748115;15.11;75.65;73.88;0;4.8442
HIP9007;28.98680228;-51.60958675;55.53;676.46;291.63;0;3.8511
HIP9061;29.16732779;-22.52671171;8.9;63.31;-27.14;0;5.0531
HIP9095;29.29163643;-47.3852989;11.67;103.7;9.78;0;4.9864
HIP9236;29.69114052;-61.56992723;48.71;263.2;28.16;0;2.9305
HIP9326;29.94245121;-20.82457548;4.93;17.77;15.16;0;5.5194
HIP9347;30.00093662;-21.07777192;11.04;133.62;-24.33;0;4.1012
HIP9372;30.11154962;-8.52382614;4.4;84.54;-17.45;0;5.3545
HIP9459;30.42667655;-44.71339042;8.88;-32.13;-48.04;0;5.2658
HIP9487;30.51165411;2.76375674;15.74;16.75;-2.25;0;3.8281
HIP9640;30.97466225;42.32984806;6.45;42.47;-50.17;0;2.2409
HIP9884;31.79285748;23.46277754;48.28;190.48;-146.99;0;2.1726
HIP10064;32.38550401;34.98739196;26.13;148.91;-39.51;0;3.0626
HIP10155;32.65642513;19.50040358;4.63;87.88;-27.44;0;5.7378
HIP10324;33.25004541;8.84675131;14.41;-24.18;-8.39;0;4.5172
HIP10340;33.30558666;44.23168901;5.67;-20.37;-14.16;0;4.9716
HIP10602;34.1270845;-51.51211139;20.95;91.55;-22.06;0;3.5211
HIP10826;34.83661152;-2.97706072;6.21;4.55;-239.36;0;4.9898
HIP11001;35.43759576;-68.65942391;24;-50.58;3.41;0;4.098
HIP11021;35.4859792;0.39569205;2.82;-11.97;-7.82;0;5.3733
HIP11313;36.40583747;50.27866581;9;24.15;-14.72;0;4.851
HIP11407;36.7462708;-47.70382696;6.22;19.5;-5.42;0;4.2002
HIP11484;37.03965749;8.46008848;20.04;39.47;-7.83;0;4.2725
HIP11783;38.02198846;-15.24431989;35.66;-70.16;-126.53;0;4.8432
HIP12086;38.9449878;34.6876828;-2.03;29.32;-50.77;0;5.5065
HIP12093;38.96870412;5.59330167;8.51;-27.6;-23.29;0;5.0189
HIP12107;39.0002837;-7.83145316;6.29;-34.42;-59.31;0;5.6141
HIP12387;39.8706178;0.32851681;4.99;13.6;-2.99;0;4.0081
HIP12394;39.89676543;-68.26694762;21.4;87.27;0.79;0;4.0933
HIP12486;40.16638212;-39.85530905;22.38;135.21;-27.27;0;4.2751
HIP12706;40.82551715;3.23617427;38.87;-149.66;-144.98;0;3.5001
HIP12770;41.03064288;-13.85867603;7.16;-9.14;-15.7;0;4.2067
HIP12828;41.23488868;10.11422005;37.24;278.59;-37.36;0;4.3439
HIP12843;41.27492268;-18.57265074;72.43;330.96;35.07;0;4.5718
HIP13147;42.27233109;-32.406284;18.91;86.04;159.43;0;4.6193
HIP13244;42.61890357;-75.06688105;9.9;-34.36;-26.5;0;4.9107
HIP13268;42.67413652;55.89552956;2.49;16.38;-13.85;0;3.896
HIP13288;42.75977408;-21.0039787;16.21;-44.07;-19.21;0;4.9284
HIP13328;42.87846217;35.05989415;7.75;9.29;-63.04;0;4.6674
HIP13531;43.56443027;52.76248952;14.3;-0.6;-4.75;0;4.0759
HIP13654;43.95209488;18.33167606;8.26;-7.82;-15.32;0;5.4449
HIP13701;44.10668248;-8.89760982;24.64;77.86;-219.2;0;4.0583
HIP13847;44.5654781;-40.30474047;38.58;-49.89;26.38;0;2.9378
HIP14135;45.56991301;4.08992558;14.37;-10.4;-76.89;0;2.6196
HIP14146;45.59830454;-23.6243361;37.32;-147.3;-55.38;0;4.1328
HIP14328;46.19912623;53.50645045;11.64;0.4;-4.67;0;3.0586
HIP14354;46.29373756;38.84053296;10.73;128.9;-105.39;0;3.2889
HIP14456;46.63953394;-6.08854231;6.82;7.56;-7.92;0;5.2905
HIP14576;47.04220751;40.95565166;36.29;2.56;-0.69;0;2.097
HIP14668;47.37345462;44.85788838;30.42;180.58;-150.68;0;3.9564
HIP14838;47.90695699;19.72669777;20.09;154.56;-7.7;0;4.5117
HIP14879;48.01783205;-28.98910672;68.79;367.06;615.3;0;3.9821
HIP14895;48.06073437;-40.40937559;3.97;34.88;26.6;0;7.2585
HIP14930;48.13808295;-57.32158197;2.47;18.32;13.6;0;5.7328
HIP15382;49.59206766;-22.51114946;12.77;10.19;13.2;0;5.0241
HIP15457;49.83974539;3.3699706;109.14;269.34;93.48;0;4.9768
HIP15474;49.87904025;-21.75794265;11.9;51.55;32.5;0;3.7303
HIP15479;49.89542976;-24.12284675;2.91;5.55;-23;0;5.7006
HIP15549;50.08485954;29.04849836;4.75;-6.73;-16.09;0;4.5975
HIP15737;50.68863224;20.74210531;11.98;-52.21;-15.32;0;5.2483
HIP15863;51.08061891;49.86124287;5.36;24.21;-25.14;0;1.8972
HIP15890;51.16900549;64.58599617;2.38;-3.55;-0.37;0;5.1901
HIP15900;51.20349004;9.0290647;13.34;-66.51;-76.32;0;3.77
HIP16083;51.79217157;9.73277333;17.6;56.38;-33.63;0;3.7082
HIP16245;52.34244353;-62.93843439;46.71;382.75;373.58;0;4.8043
HIP16335;52.64367591;47.99517192;9.47;3.75;18.74;0;4.4945
HIP16369;52.71819541;12.93668245;8.74;18.57;-1.64;0;4.3077
HIP16537;53.23509001;-9.45830598;310.79;-975.08;20.33;0;3.8652
HIP16611;53.44686635;-21.63281597;10.94;44.72;-27.83;0;4.2359
HIP16852;54.2188292;0.40283334;73.51;-232.87;-481.99;0;4.4104
HIP16870;54.27365912;-40.27451103;17.47;-6.05;-25.3;0;4.7322
HIP17296;55.53894529;63.21675895;6.43;-17.42;18.46;0;5.0956
HIP17351;55.7088418;-37.31334481;18.19;-91.64;-70.53;0;4.7559
HIP17358;55.73117249;47.78765131;5.35;24.21;-36.43;0;2.9703
HIP17378;55.8123169;-9.76519858;110.38;-93.43;744.55;0;3.6796
HIP17440;56.04814251;-64.80709632;33.78;312.5;85.58;0;4.0019
HIP17499;56.218848;24.11344831;8.72;20.69;-46.3;0;3.6857
HIP17529;56.29851435;42.57854427;6.67;-14.71;-0.34;0;3.8717
HIP17531;56.30200877;24.46737844;9.52;19.58;-45.48;0;4.2724
HIP17573;56.45663794;24.36785788;8.99;20.62;-46.42;0;3.8591
HIP17593;56.53542684;-12.10173534;6.9;55.61;59.8;0;4.5239
HIP17608;56.58150131;23.94846178;9.06;22.31;-46.34;0;4.1534
HIP17651;56.7124543;-23.24843803;55.93;-159.89;-529.17;0;4.3164
HIP17678;56.80929829;-74.23924247;14.98;50.48;115.57;0;3.342
HIP17702;56.87110063;24.10524181;8.42;19.97;-44.67;0;2.848
HIP17797;57.14927354;-37.62012495;9.84;71.95;-10.32;0;4.2697
HIP17847;57.29054648;24.05352388;8.07;18.81;-45.71;0;3.6084
HIP17874;57.36367029;-36.20011235;15.23;-46.99;-53.07;0;4.328
HIP17884;57.38035568;65.52600645;3.72;-1.54;-14.01;0;4.3978
HIP18102;58.03296734;-3.59684307;12.24;-24.32;-37.33;0;7.8477
HIP18246;58.53299358;31.88365772;3.72;6.25;-9.1;0;2.898
HIP18255;58.57287264;-2.95473339;13.11;22.47;0.99;0;4.6015
HIP18532;59.46342097;40.01027277;8.58;19.02;-25.59;0;2.8348
HIP18543;59.50720864;-13.50824467;14.69;61.48;-111.19;0;3.0703
HIP18597;59.68640656;-61.40015067;6.05;9.18;-13.93;0;4.6497
HIP18724;60.17008604;12.49037569;7.27;-6.58;-12.72;0;3.3774
HIP18744;60.22418771;-62.15936924;6.66;1.5;35.24;0;4.5139
HIP18772;60.32529618;-61.07905152;9.77;66.24;94.59;0;5.1069
HIP18907;60.78907009;5.98930905;25.34;4.66;-3.91;0;3.9203
HIP19038;61.17357447;22.08206792;18.4;90.63;-58.82;0;4.5241
HIP19587;62.96638823;-6.83777872;25.89;9.8;82.01;0;4.1285
HIP19740;63.48496238;9.2638936;11.91;-10.69;-27.58;0;4.9876
HIP19747;63.50033877;-42.29387292;27.89;42.05;-203;0;4.0124
HIP19752;63.51479366;-15.99312709;0.22;2.24;9.23;0;7.274
HIP19777;63.59872017;-10.25588916;11.51;-8.51;-162.68;0;5.0352
HIP19780;63.60596363;-62.47397909;19.64;40.76;52.62;0;3.4953
HIP19812;63.72440727;48.40937309;4.55;6.56;-17.09;0;4.287
HIP19860;63.88352176;8.89240981;7.37;20.62;-22.17;0;4.2656
HIP19893;64.00621426;-51.48709579;49.31;100.4;184.37;0;4.3338
HIP19921;64.12118137;-59.30174844;54.91;-48.13;-167.14;0;4.5977
HIP20042;64.47341066;-33.79833141;18.22;62.25;-5.75;0;3.5167
HIP20075;64.56697519;-20.71530629;3.27;3.9;19;0;5.9987
HIP20205;64.94805797;15.6277003;21.69;116;-23.61;0;3.8123
HIP20455;65.7334472;17.54258439;20.75;107.9;-28.22;0;3.9308
HIP20535;66.00902222;-34.01698617;11.07;66.15;52.18;0;4.0941
HIP20635;66.34207813;22.29398087;21.39;104.23;-45.29;0;4.2573
HIP20648;66.37215413;17.92798929;22.48;108.15;-30.87;0;4.3212
HIP20711;66.57664487;22.81369391;20.93;107.87;-47.07;0;4.3556
HIP20713;66.58613186;15.61834722;18.71;113.35;-22.4;0;4.5524
HIP20732;66.65156986;14.71385765;7.2;-8.74;-31.01;0;4.8523
HIP20877;67.10985479;16.35962904;16.72;8.33;18.07;0;5.1264
HIP20885;67.14346757;15.96221665;24.82;107.11;-28.72;0;4.0043
HIP20889;67.15388876;19.18052094;21.35;107.84;-36.02;0;3.6992
HIP20894;67.16531229;15.87094691;20.81;107.34;-23.49;0;3.4597
HIP21139;67.96945626;-0.04399117;4.24;-1.97;-8.37;0;5.0807
HIP21248;68.37762287;-29.76583181;26.07;-114.91;-271.8;0;4.6619
HIP21273;68.46189657;14.84448755;21.15;103.32;-24.94;0;4.7186
HIP21281;68.49884793;-55.04502421;19.37;51.24;0.71;0;3.2372
HIP21296;68.54850725;-8.23135941;3.9;-23.5;3.25;0;5.263
HIP21297;68.54913222;-8.96998498;4.51;-36.19;-111.88;0;5.3758
HIP21365;68.75988547;17.20123481;3.62;-5.8;-1.61;0;6.8194
HIP21393;68.88779873;-30.56231048;15.41;-49.46;-12.28;0;3.973
HIP21402;68.9134743;10.16091726;21.18;51.18;-46.09;0;4.3011
HIP21421;68.98000195;16.50976173;49.28;64.04;-188.52;0;1.0024
HIP21444;69.07975248;-3.35244804;5.81;1.29;-5.26;0;3.8713
HIP21476;69.17264059;41.26485494;4.89;-4.89;-15.2;0;4.3946
HIP21479;69.19032332;-62.07698133;17;-69.12;-74.88;0;4.6635
HIP21589;69.53917386;12.51087424;22.03;103.35;-15.15;0;4.3136
HIP21594;69.54529809;-14.30358642;26.49;-79.3;-162.9;0;4.0248
HIP21763;70.1103911;-19.67125673;8.87;25.8;-94.97;0;4.3758
HIP21770;70.14092951;-41.86357032;49.69;-140.35;-74.91;0;4.5287
HIP21881;70.56126447;22.95697539;7.88;-0.07;-20.18;0;4.2366
HIP22109;71.3755876;-3.25462471;6.04;16.02;-13.64;0;3.9696
HIP22449;72.45890938;6.9612475;124.57;464.14;12.12;0;3.2862
HIP22479;72.54828799;-16.21728341;13.25;45.21;51.98;0;5.1981
HIP22490;72.57209135;6.94990208;5.3;-2.15;5.99;0;7.2714
HIP22509;72.65300992;8.90025291;17.86;1.02;-29.94;0;4.3669
HIP22549;72.80152514;5.60510153;3.25;-1.23;0.78;0;3.6236
HIP22626;73.02153942;63.50564978;7.33;38.38;-93.93;0;5.4857
HIP22667;73.13318166;14.25077785;5.79;0.4;-54.99;0;4.7029
HIP22678;73.15833012;36.70319639;5.67;-25.51;-3.63;0;4.9215
HIP22701;73.22366813;-5.45275591;14.56;-18.7;24.68;0;4.4373
HIP22730;73.3448138;2.50826497;4.84;31.13;-16.1;0;5.4049
HIP22797;73.56289852;2.44067151;2.27;1.33;0.51;0;3.647
HIP22826;73.68166567;12.35229804;19.82;89.83;-42.13;0;7.2531
HIP22957;74.09300445;13.51457751;19.54;-74.63;-44.92;0;4.2355
HIP23015;74.24840101;33.16613542;6.17;4.37;-17.46;0;2.8337
HIP23123;74.63709529;1.71403512;3.05;-0.69;-7.38;0;4.6307
HIP23416;75.49223404;43.82331463;1.44;-0.17;-2.57;0;3.1457
HIP23430;75.54069176;-26.2748432;13.34;85.11;-76.08;0;5.1748
HIP23453;75.61949993;41.07589031;4.21;9.51;-21.17;0;3.8549
HIP23522;75.85457204;60.44228146;3.21;-5.41;-14.56;0;4.1838
HIP23595;76.1012981;-35.48287129;18.25;125.29;-43.08;0;4.701
HIP23649;76.24146881;-49.57783014;6.82;68.34;-2.45;0;5.1708
HIP23680;76.34880907;1.17763584;3.41;8.42;-3.91;0;5.8483
HIP23685;76.3652172;-22.37085689;14.92;22.75;-74.07;0;3.3215
HIP23693;76.37787651;-57.4729893;85.73;-32.03;117.72;0;4.8191
HIP23767;76.628621;41.23464076;14.83;30.73;-68.2;0;3.116
HIP23835;76.86115023;18.64500706;62.93;534.98;17.94;0;5.0444
HIP23840;76.89171291;-63.39957024;5.32;11.54;-45.47;0;5.225
HIP23875;76.96264131;-5.08626265;37.54;-91.46;-78.34;0;2.8258
HIP23972;77.28659589;-8.75407609;2.43;1.21;-2.83;0;4.1942
HIP24169;77.84521802;-11.84922708;7.2;30.65;57.35;0;5.2572
HIP24197;77.9231727;16.04565764;10.03;4.02;6.11;0;5.3003
HIP24305;78.23280464;-16.20542901;17.44;44.88;-15.35;0;3.2528
HIP24327;78.30785517;-12.94128928;7.86;-12.86;2.99;0;4.3328
HIP24331;78.32283153;2.86125295;11.51;2.9;0.9;0;4.6378
HIP24372;78.4392785;-67.18534972;5.99;18.15;38.29;0;4.9799
HIP24436;78.63446359;-8.20163923;4.11;2.47;-0.55;0;0.193
HIP24608;79.17206526;45.99902918;76.31;76.89;-426.01;0;0.2385
HIP24659;79.37093063;-34.89438966;29.69;94.22;-337.74;0;4.9799
HIP24674;79.40166224;-6.84438609;6.37;-16.66;-9.64;0;3.5544
HIP24727;79.54395019;33.37200399;10.94;31.94;-160.54;0;4.6926
HIP24738;79.56534463;42.7921852;4.81;18.52;-30.4;0;5.5156
HIP24822;79.81912444;22.09669145;14.94;16.58;-77.51;0;5.1166
HIP24845;79.89385821;-13.17677693;2.19;-0.75;-2.98;0;4.2021
HIP24882;80.01329814;-5.20834096;3.17;-5.45;-8.13;0;7.1859
HIP25194;80.850019;-39.6784356;5.8;25.94;5.74;0;5.7816
HIP25247;80.98681832;-7.80795567;18.59;-14.45;-44.27;0;4.2952
HIP25281;81.11923443;-2.39713459;0.4;12.81;-2.33;0;3.2919
HIP25336;81.28278415;6.3497347;12.87;-8.1;-12.21;0;1.5493
HIP25428;81.57290826;28.60787362;24.56;23.5;-173.49;0;1.6151
HIP25606;82.06135968;-20.75923225;20.42;-4.85;-83.96;0;2.9674
HIP25737;82.43325629;-1.09217555;6.1;0.28;-26.26;0;4.8168
HIP25769;82.54254025;63.06723208;3.27;-5.4;-4.86;0;5.5061
HIP25813;82.69602189;5.94821247;12.03;15.83;-34.6;0;4.1585
HIP25859;82.80306437;-35.47043572;10.99;24.7;-31.94;0;4.0314
HIP25930;83.00166381;-0.29909193;4.73;1.8;-1.22;0;2.1361
HIP25945;83.05313025;18.59424533;1.64;0.87;-4.14;0;4.3349
HIP25985;83.18255801;-17.82229223;2.62;4.13;1.55;0;2.6426
HIP26069;83.4063181;-62.48985579;3.33;-0.54;13.25;0;3.903
HIP26169;83.68659358;-73.74136676;2.86;-1.11;36.26;0;5.7968
HIP26176;83.70515769;9.48958532;2.95;0.94;-1.85;0;4.3451
HIP26207;83.78449277;9.93416275;8.58;0.96;-1.64;0;3.3298
HIP26241;83.85825465;-5.90989972;1.69;1.55;0.5;0;2.6706
HIP26311;84.05338575;-1.20191728;2.62;1.96;-1.12;0;1.6235
HIP26366;84.22637806;9.29141191;28.85;98.03;-305.02;0;4.235
HIP26451;84.41118416;21.14259273;7.57;1.41;-20.67;0;2.9184
HIP26549;84.68652137;-2.60006676;8.74;1.19;-1.51;0;3.6811
HIP26551;84.69010455;-2.59970675;-328.61;2.39;-10.2;0;3.7103
HIP26634;84.91224976;-34.0740495;12.85;1.61;-23.31;0;2.6124
HIP26727;85.18968542;-1.94257669;13.94;4.28;-4.87;0;1.6812
HIP26885;85.61943483;1.47466494;10.55;-55.08;-14.96;0;5.0619
HIP27072;86.1165624;-22.44748667;111.66;-291.97;-368.77;0;3.6977
HIP27100;86.19341326;-65.73554099;22.53;-29.84;8.73;0;4.3927
HIP27288;86.7389573;-14.82194717;46.29;-14.23;-1;0;3.5778
HIP27321;86.82118056;-51.0667133;51.58;4.87;83.95;0;3.9077
HIP27366;86.93911641;-9.66960184;3.09;2.34;-0.76;0;2.0065
HIP27436;87.14637904;-65.16842093;4.65;8.78;-29.42;0;7.7366
HIP27468;87.25399532;24.56755355;8.25;-1.05;-20.48;0;5.0445
HIP27530;87.45656998;-56.16648862;18.9;81.21;-72.42;0;4.6622
HIP27628;87.73980339;-35.76929221;37.76;54.97;404.73;0;3.2833
HIP27639;87.76004253;37.30568167;6.38;36.75;-45.77;0;4.8122
HIP27654;87.82980337;-20.87751371;28.8;229.51;-648.15;0;3.9262
HIP27673;87.8724681;39.1484799;13.98;-5.05;5.91;0;4.1381
HIP27750;88.11017826;1.85515787;2.99;-7.36;-8.91;0;4.9282
HIP27890;88.52458683;-63.09102214;39.79;133.57;547.64;0;4.8015
HIP27913;88.59618174;20.27641455;110.48;-180.6;-90.16;0;4.5219
HIP27989;88.79287167;7.40703652;7.56;25;9.79;0;0.4997
HIP28010;88.87454307;-37.12060927;9.17;35;-20.85;0;5.1402
HIP28103;89.1013263;-14.16803807;66.09;-41.51;139.33;0;3.7888
HIP28199;89.38421612;-35.28330689;3.86;-2.53;11.05;0;4.3092
HIP28328;89.78662716;-42.81510765;6.26;18.54;-10.68;0;4.1205
HIP28358;89.88146026;54.28498145;24.86;79.78;-127.2;0;3.8904
HIP28360;89.88237251;44.94743489;39.88;-57.58;-0.6;0;1.9038
HIP28380;89.93015894;37.21276392;19.43;43.17;-72.34;0;2.6103
HIP28404;89.98375565;45.93675345;3.52;-3.91;-7.69;0;4.3115
HIP28413;90.01393917;-3.07407674;7.38;9.05;-74.33;0;4.6893
HIP28425;90.04070988;19.99093244;1.14;-2.18;-4.28;0;7.853
HIP28614;90.59579418;9.64737644;22.86;12.8;-33.24;0;4.1792
HIP28675;90.81483792;-26.28475047;8.12;65.37;85.23;0;5.177
HIP28716;90.97993151;20.13845868;-0.31;0.85;-3.24;0;4.6947
HIP28734;91.03006644;23.26362978;25.03;-6.5;-99.78;0;4.3198
HIP28874;91.43976514;-24.19551783;3.64;5.49;-17.06;0;6.3572
HIP28984;91.73965412;-21.81229044;3.53;-7.01;-3.81;0;5.7503
HIP28991;91.76401164;-62.15441132;8.02;21.51;-68.53;0;5.2044
HIP29048;91.92345903;-19.166004;4.52;12.48;56.63;0;5.372
HIP29263;92.54341638;-40.35396989;3.72;-21.67;73.35;0;5.5869
HIP29353;92.81256279;-65.58970505;4.8;-24.36;118.55;0;5.0769
HIP29450;93.079579;22.90851944;1.04;-0.62;-2.32;0;6.3298
HIP29651;93.7139019;-6.27472746;5.18;-5.99;-19.34;0;4.1466
HIP29655;93.71957242;22.50682266;11.97;-67.47;-10.19;0;3.2945
HIP29696;93.84473568;29.49871222;19.32;-72.28;-261.25;0;4.4867
HIP29807;94.13806401;-35.14073157;17.84;0.35;87.87;0;4.5365
HIP29895;94.42388579;-16.81591328;5.78;-14.78;2.2;0;5.316
HIP29919;94.47846666;61.51529223;5.29;-8.56;-2.33;0;5.0034
HIP29990;94.69494766;-50.3591175;1.17;-0.56;7.01;0;7.1729
HIP30093;94.99835162;-2.94449039;6.84;-9.36;-0.24;0;5.0033
HIP30122;95.07827982;-30.06337656;9.58;7.69;4.15;0;2.9524
HIP30277;95.52852052;-33.43627108;13.41;-24.83;-52.92;0;3.9932
HIP30324;95.67494744;-17.95591664;6.64;-2.45;0.43;0;1.8911
HIP30343;95.73996346;22.5138506;14.18;55.87;-110.6;0;2.9141
HIP30419;95.94207079;4.5928372;24.22;-16.95;11.68;0;4.4559
HIP30422;95.94379536;4.59587847;-15.89;-24.74;-4.66;0;6.9232
HIP30438;95.98787758;-52.69571798;10.37;21.12;24.16;0;-0.5536
HIP30520;96.22459141;49.28789898;0.7;-0.28;-2.34;0;5.0056
HIP30867;97.20446883;-7.03304938;2.93;8.62;18.75;0;3.7921
HIP30883;97.24079369;20.21216717;6.55;-5.5;-13.84;0;4.0992
HIP31084;97.84591515;-12.39190831;7.4;44.65;-24.78;0;5.327
HIP31125;97.96403432;-23.41843724;1.81;-2.81;6.31;0;4.2586
HIP31216;98.22595664;7.33297925;1.7;-2.02;-5.24;0;4.5019
HIP31407;98.74411403;-52.97563453;1.94;-7.78;10.58;0;4.3706
HIP31472;98.88888119;-16.0077709;10.66;-9.86;-10.49;0;7.9478
HIP31579;99.13682371;38.44555198;1.87;-0.01;-19.59;0;5.3488
HIP31592;99.17082884;-19.25570926;50.33;62.6;-69.78;0;4.12
HIP31681;99.42792164;16.3994111;28.03;43.12;-40.65;0;1.929
HIP31685;99.44029868;-43.19592398;7.74;-0.11;-3.84;0;3.1395
HIP31700;99.47260789;-18.23745791;8.19;-7.47;-8.5;0;4.5975
HIP31827;99.81965167;-14.14574675;2.16;4.72;-6.92;0;4.9771
HIP31858;99.89763542;-60.40100489;3.55;-12.66;66.83;0;7.752
HIP32064;100.4848596;-9.16742468;8.69;32.93;-45.67;0;5.3245
HIP32246;100.983041;25.13115524;4.03;-4.59;-11.84;0;3.1915
HIP32249;100.9970585;13.22814337;12.19;-4.23;-54.78;0;4.6618
HIP32362;101.3226398;12.89605511;56.86;-114.87;-190.91;0;3.4417
HIP32533;101.8326847;8.03728281;6.93;-24.69;-12.37;0;4.9161
HIP32558;101.9050984;-8.9985011;2.64;-5.28;0.01;0;5.1604
HIP32578;101.9652382;2.4121903;8.91;-17.26;-13.5;0;4.6471
HIP32607;102.0480709;-61.94197821;36.62;-70.16;264.01;0;3.3114
HIP32632;102.1053651;-37.59796435;9.51;3.1;-40.41;0;7.8204
HIP32759;102.4602729;-32.50848747;4.26;-8.91;4.39;0;3.4644
HIP32761;102.4638171;-53.62249212;5.65;-2.72;18.07;0;4.5681
HIP32768;102.4839034;-50.61439981;17.6;34.15;-64.47;0;3.1077
HIP32855;102.7181221;-34.36732057;3.43;3.44;0.61;0;5.1659
HIP33152;103.5331453;-24.18422297;1.69;-3.11;4.59;0;4.0047
HIP33160;103.5478361;-12.03859268;13.13;-137.1;-14.23;0;4.2092
HIP33202;103.6608083;13.17801769;33.86;70.49;-80.89;0;4.7265
HIP33302;103.9058291;-20.1365935;34.08;51.15;39.69;0;4.749
HIP33345;104.0276926;-14.04344452;11.63;-1.03;8.09;0;5.118
HIP33347;104.0342763;-17.05424677;1.26;-3.12;3.1;0;4.369
HIP33357;104.0666214;-48.72116451;3.23;0.75;8.11;0;5.0216
HIP33579;104.6564446;-28.97208931;7.54;3.6;2.62;0;1.416
HIP33682;104.9607415;-67.91701197;11.21;-27.59;234.09;0;5.3277
HIP33694;105.0160333;76.97744154;17.59;73.06;-13.48;0;4.695
HIP33779;105.214605;-51.40263362;5.59;-22.28;20.13;0;5.2276
HIP33856;105.4297988;-27.93484164;2.73;-5.45;5.01;0;3.5847
HIP33878;105.4849709;-5.72208139;4.83;-15.81;6.88;0;5.3014
HIP33929;105.6063404;17.75545503;3.16;19.66;26.64;0;5.9755
HIP33977;105.7561398;-23.83330125;0.98;-1.91;3.78;0;3.005
HIP34033;105.9086382;10.95184578;4.59;-2.56;-12.11;0;5.2856
HIP34045;105.939555;-15.63325868;8;0.89;-11.6;0;4.0738
HIP34088;106.0272308;20.57029941;2.77;-7.31;-1.09;0;4.1689
HIP34444;107.0978585;-26.39320776;1.98;-2.37;3.61;0;1.9628
HIP34473;107.1764548;-70.49736422;-232.14;3.57;119.52;0;5.7818
HIP34481;107.1867659;-70.49919441;38.83;24.6;108.05;0;3.9295
HIP34622;107.557008;-4.2376356;15.46;-0.87;217.02;0;5.0792
HIP34670;107.6979113;-48.93257704;10.21;-17.98;197.16;0;5.275
HIP34693;107.784965;30.24528066;10.61;-31.13;-48.35;0;4.5603
HIP34769;107.9660849;-0.49278043;8.72;-0.1;5.1;0;4.1544
HIP34834;108.1405871;-46.75956454;47.02;-136.34;106.93;0;4.5642
HIP34909;108.3427793;16.15906778;4.57;13.18;-41.99;0;5.0026
HIP34912;108.3474725;51.42871235;3.72;6.87;14.28;0;5.5176
HIP34922;108.3842955;-44.64052946;16.54;106.65;326.92;0;4.1465
HIP34981;108.5634018;-26.35251617;2.2;-6.43;4.52;0;4.3786
HIP35037;108.7027568;-26.77268597;3.42;-11.78;7.76;0;3.9854
HIP35120;108.914234;7.97773703;5.48;22.76;2.77;0;5.8047
HIP35205;109.1458393;-27.8812731;7.25;-13.14;38.78;0;4.7283
HIP35210;109.1534869;-23.31560111;0.7;-4.53;3.34;0;4.9479
HIP35213;109.1599058;-23.31105278;12.33;-32.82;41.5;0;6.0994
HIP35228;109.2076283;-67.95717246;5;-4.88;8.74;0;4.1197
HIP35264;109.2856842;-37.09748675;4.15;-9.96;6.21;0;2.8296
HIP35350;109.5233617;16.54047513;34.33;-46.08;-36.36;0;3.6148
HIP35415;109.6770331;-24.9543845;2;-2.36;3.71;0;4.3329
HIP35461;109.8031991;-24.95572185;1.95;-2.63;5.59;0;6.7542
HIP35550;110.0307904;21.98234099;55.29;-26.68;-15.1;0;3.6031
HIP35626;110.2680849;-25.89167602;4.45;-12.83;12.7;0;5.9069
HIP35699;110.4870809;20.44371652;7.87;-61.62;-24.32;0;5.2102
HIP35848;110.8707289;-27.83428349;6;26.25;-4.11;0;5.496
HIP35904;111.0237711;-29.30311974;1.4;-4.1;5.89;0;2.4215
HIP36041;111.4120781;9.27611837;3.14;-2.72;-9.66;0;5.1588
HIP36046;111.4319839;27.79828565;26.13;-122.13;-84.89;0;3.9507
HIP36188;111.7878013;8.28940895;19.44;-52.01;-38.22;0;2.8546
HIP36284;112.0409563;8.92550391;8.24;-61.24;10.07;0;4.4592
HIP36377;112.3078267;-43.30189179;17.93;-60.25;188.89;0;3.3757
HIP36425;112.4490921;12.00661106;5.77;-0.02;-19.46;0;4.7088
HIP36514;112.677542;-30.96228312;1.91;-12.16;0.97;0;4.805
HIP36773;113.449866;-14.52390094;1.2;-6.37;2.56;0;4.9406
HIP36795;113.5133581;-22.29618077;38.87;-40.12;46.84;0;4.5497
HIP36850;113.6500229;31.88864958;33.36;-193.1;-142.36;0;1.5811
HIP36942;113.9154175;-52.53380808;8.34;22.46;-11.76;0;5.0749
HIP36962;113.980717;26.89600337;11.77;-33.08;-106.21;0;4.1682
HIP37229;114.7078391;-26.80390856;24.1;-22.52;25.44;0;3.7439
HIP37279;114.8271504;5.22755919;227.5;-667.06;-1051.9;0;0.4607
HIP37300;114.8691298;17.67451542;5.6;4.75;0;0;5.1487
HIP37379;115.096717;-15.26385204;5.29;-2.52;-28.03;0;5.1066
HIP37447;115.3119861;-9.55108307;22.88;-75.18;-19.75;0;4.0986
HIP37504;115.4549837;-72.60613526;24.46;32.47;15.3;0;4.1071
HIP37521;115.5134131;14.20852973;3.45;-1.95;-9.97;0;5.5874
HIP37629;115.8278552;28.88407167;26.8;62.27;-229.95;0;4.3955
HIP37648;115.8849819;-28.41095709;3.47;-13.95;29.56;0;4.731
HIP37677;115.9519671;-28.95483518;-0.43;-4.79;3.85;0;4.0152
HIP37740;116.1119517;24.39812951;23.35;-31.79;-52.04;0;3.7285
HIP37819;116.3137665;-37.96859837;3;-10.13;5.9;0;3.72
HIP37826;116.3306826;28.02631032;97.06;-626.96;-45.79;0;1.2947
HIP37908;116.5312241;18.51016893;10.35;-76.35;-57.82;0;4.9991
HIP37946;116.6635805;37.51736311;9.54;28.31;13.09;0;5.2301
HIP38016;116.876403;33.41576663;5.51;-17.84;-28.37;0;5.2343
HIP38070;117.021562;-25.93718046;1.81;-10.18;4.75;0;4.4428
HIP38089;117.0843653;-47.07753196;14.35;-102.63;-78.75;0;4.8605
HIP38164;117.3095818;-46.37323017;2.26;-4.9;8.18;0;4.0311
HIP38170;117.3235781;-24.85978394;2.35;-4.56;-1.19;0;3.5109
HIP38211;117.421534;-17.22812295;12.73;54.18;-117.22;0;5.3308
HIP38414;118.0543561;-40.57579914;8.67;-14.63;7.15;0;3.8645
HIP38518;118.3256785;-48.10294823;1.55;-5.79;5.8;0;4.1865
HIP38792;119.0946806;-30.28453462;2.62;-2.53;-15.09;0;6.1194
HIP38827;119.1947574;-52.98240066;8.35;-27.93;22.57;0;3.3939
HIP38835;119.2148261;-22.88014826;5.54;-27.45;9.39;0;4.3403
HIP38917;119.4655565;-45.57774472;10.69;-17.5;30.79;0;5.3055
HIP39013;119.7530645;-48.37632142;1.47;-4.86;4.75;0;6.7987
HIP39023;119.7738436;-23.31040264;4.1;-12.02;2.61;0;5.2613
HIP39070;119.9064428;-60.58708853;3.08;-4.38;10.99;0;5.2633
HIP39079;119.934103;-3.67957838;12.94;-54.27;-3.05;0;5.0967
HIP39095;119.9668966;-18.39914215;13.98;-3.02;-36.65;0;4.6427
HIP39211;120.3054016;-1.3924242;7.05;65.55;-76.06;0;4.814
HIP39311;120.566472;2.3343143;12.83;-28.2;105.68;0;4.5441
HIP39429;120.8961256;-40.00318842;2.38;-29.89;16.89;0;2.1364
HIP39487;121.0674727;-32.67484676;1.25;-6.01;6.84;0;5.2527
HIP39690;121.6680995;-45.2660423;2.78;-6.14;11.13;0;5.1933
HIP39757;121.886259;-24.30443675;51.98;-82.7;46.96;0;2.9157
HIP39794;121.9826691;-68.61713648;0.92;-29.4;30.25;0;4.3109
HIP39863;122.1485735;-2.98377654;2.04;-17.51;-4.33;0;4.522
HIP39903;122.2535757;-61.30170621;49.6;-156.79;-292.19;0;4.8438
HIP39906;122.2568478;-19.24500096;6.91;-10.85;-6.71;0;4.3527
HIP39953;122.3831472;-47.33661179;4.08;-5.93;10.51;0;1.7034
HIP40084;122.8180055;-12.92701827;17.81;-27.6;8.24;0;4.8789
HIP40091;122.8395843;-39.61855304;1.33;-9.37;3.32;0;4.5587
HIP40167;123.0529077;17.64815704;8.72;98.73;-165.12;0;4.7809
HIP40259;123.3332294;-15.78821456;3.07;-13.13;-3.71;0;5.1622
HIP40282;123.3926107;-50.19606698;4.68;19.79;-1.58;0;5.6111
HIP40326;123.5120274;-40.34773007;8.71;44.49;-65.7;0;4.5868
HIP40526;124.1289529;9.1856635;11.4;-46.06;-49.52;0;3.6714
HIP40534;124.1409384;11.72626834;3.36;0.78;-10.45;0;6.2883
HIP40680;124.5782399;-65.61324547;10.97;20.57;21.89;0;5.2313
HIP40702;124.6302787;-76.91998242;51.13;110.06;107.28;0;4.1488
HIP40706;124.6391383;-36.65953284;35.03;-111.23;100.24;0;4.5023
HIP40888;125.1620329;-77.48457638;21.06;-129.92;40.81;0;4.5099
HIP40945;125.3459765;-33.05437201;3.84;-11.86;3.13;0;4.9865
HIP41037;125.6286161;-59.50954446;6.2;-23.14;20.22;0;1.9996
HIP41075;125.7088757;43.1883723;8.71;-22.76;-100.3;0;4.365
HIP41260;126.2656575;-24.04626232;5.49;-29.85;23.68;0;5.4468
HIP41307;126.4152954;-3.90636486;26.59;-67.02;-24.57;0;3.8987
HIP41312;126.4343593;-66.13652044;30.32;-35.99;-151.43;0;3.9319
HIP41400;126.6831246;12.65486252;3.49;-18.49;-104.2;0;5.5917
HIP41704;127.5667925;60.7184311;17.84;-133.85;-107.9;0;3.5041
HIP41822;127.8990287;18.09455765;6.47;-60.51;-57.11;0;5.4518
HIP42013;128.444909;-9.99816345;2.42;-10.19;1.21;0;7.5323
HIP42088;128.6817031;-49.94424623;3.76;-13.88;17.84;0;5.158
HIP42134;128.8318689;-58.00929334;13.88;53.28;26.19;0;5.0097
HIP42312;129.4110057;-42.98910369;2.28;-10.39;9.8;0;4.1704
HIP42313;129.4141974;5.70379874;17.96;-69.3;-6.83;0;4.1512
HIP42402;129.6893699;3.34147469;9.83;-20.08;-16.74;0;4.6208
HIP42483;129.9270448;-29.56086188;13.76;-25.34;-91.51;0;5.0306
HIP42502;129.97309;-17.30260731;5.28;-0.11;-153.45;0;6.1586
HIP42509;130.0063307;-12.47537433;8.1;-81.04;0.88;0;5.1178
HIP42515;130.0255689;-35.3083009;8.53;10.09;-21.06;0;4.1264
HIP42536;130.0733716;-52.9219723;6.29;-24.53;26.66;0;3.5371
HIP42568;130.1543132;-59.76101471;2.48;-6.28;4.95;0;4.2809
HIP42570;130.1565638;-46.64875491;1.02;-5.5;4.73;0;3.929
HIP42662;130.4305583;-15.94314866;15.99;3.26;-97.04;0;5.0383
HIP42799;130.8061931;3.39866549;6.99;-18.66;-1.44;0;4.2274
HIP42828;130.8981145;-33.18641136;3.86;-14.58;10.71;0;3.6188
HIP42835;130.9182513;-7.23372777;5.66;-12.43;-1;0;4.7805
HIP42884;131.0998582;-42.64932329;14.28;-24.2;19.31;0;4.2098
HIP42911;131.1712922;18.15486399;24.18;-18.25;-228.18;0;4.1036
HIP42913;131.1758209;-54.70856873;43.27;23.43;-86.04;0;1.9511
HIP42916;131.1873827;-42.63386098;39.04;1.95;-286.95;0;7.3371
HIP43023;131.5068945;-46.04153917;2.38;-12.34;4.77;0;3.9006
HIP43067;131.5938648;-13.54770507;13.79;16.47;-10.66;0;4.466
HIP43103;131.6743095;28.76000534;9.27;-21.66;-44.5;0;4.1992
HIP43109;131.6943581;6.41890657;23.62;-202.36;-48.75;0;3.5004
HIP43234;132.1082534;5.83788492;11;-18.61;-29.85;0;4.3465
HIP43409;132.6333805;-27.71005871;15.67;-133.57;87.59;0;4.1794
HIP43783;133.7619238;-60.64471201;10.08;-24.19;40.58;0;3.8046
HIP43811;133.8453448;17.23126019;0.87;-2.53;5.9;0;6.1719
HIP43813;133.8486869;5.94552762;22.46;-100.62;14.59;0;3.2803
HIP44066;134.6216531;11.85777166;18.9;32.6;-32.7;0;4.3023
HIP44127;134.8034948;48.04234988;67.14;-440.53;-215.04;0;3.188
HIP44191;135.0226672;-41.25373781;16.14;-41.07;52.74;0;4.5767
HIP44213;135.0927612;-43.1739923;3.13;-8.84;0.12;0;6.0053
HIP44254;135.1901122;-9.19138536;5.57;7.86;-13.29;0;7.2173
HIP44382;135.6116617;-66.39584371;26.06;-2.44;-95.14;0;4.0505
HIP44390;135.6363579;67.62957487;11.32;-21.94;17.68;0;4.8084
HIP44511;136.0388357;-47.09771378;10.6;-47.78;-9.15;0;3.9211
HIP44599;136.286793;-72.60269384;7.26;-9.34;-4.86;0;4.5979
HIP44659;136.4932414;5.0923424;3.88;-19.58;-9.56;0;5.1558
HIP44816;136.9990713;-43.43262402;5.82;-22.69;13.52;0;2.3385
HIP44824;137.0119053;-25.85853681;6.07;34.61;-0.04;0;4.7275
HIP44874;137.1534378;-25.83943932;22.21;-332.33;12.66;0;6.898
HIP45037;137.5959177;-23.17670876;7.88;-32.66;5.37;0;6.5442
HIP45058;137.6616892;30.96321931;8.12;-11.14;-33.98;0;5.45
HIP45080;137.7421057;-58.96693008;8.06;-16.06;13.92;0;3.3666
HIP45101;137.8198661;-62.31701587;6.6;-38.03;15.76;0;3.8999
HIP45238;138.3010032;-69.71747244;29.26;-157.36;109.38;0;1.6625
HIP45336;138.5908038;2.31502476;26.96;126.25;-312.73;0;3.8713
HIP45439;138.9031739;-38.56991791;14.37;-71.59;-10.39;0;5.0852
HIP45448;138.9377894;-37.41312644;19.56;13.51;-7.5;0;4.727
HIP45496;139.0504267;-57.54143765;6.16;-27.99;-14.22;0;4.4359
HIP45505;139.0959891;-44.26574595;0.76;-3.38;5.02;0;5.2411
HIP45556;139.2726183;-59.27526118;4.67;-18.28;13.12;0;2.2822
HIP45751;139.9433282;-11.97488213;10.2;-28.41;11.77;0;4.9348
HIP45796;140.0634253;-45.17322376;6.97;25.73;1.08;0;6.8622
HIP45811;140.1209413;-9.55562947;14.39;-14.9;-28.31;0;4.9696
HIP45856;140.2367931;-62.40463291;14.62;-14.05;0.07;0;4.9557
HIP45860;140.2644116;34.39252591;14.02;-220.58;15.47;0;3.252
HIP45902;140.3733284;-25.96541644;6.09;-13.32;-9.93;0;4.7991
HIP45915;140.4304182;56.69924839;6.14;-11.57;-11.54;0;5.7694
HIP45924;140.4622495;-42.19473813;6.05;59.04;-50.31;0;5.6438
HIP45941;140.5284551;-55.0106953;6.17;-10.74;11.93;0;2.4132
HIP46026;140.8014014;-28.83392309;16.62;-128.07;23.09;0;4.8745
HIP46146;141.1636641;26.18244089;16;-32.29;-47.61;0;4.6163
HIP46371;141.826239;-22.34341714;19.22;179.14;-157.42;0;4.8881
HIP46390;141.8968826;-8.65868329;18.51;-14.51;33.31;0;2.1351
HIP46515;142.3114061;-35.95134776;4.65;-25.16;5.2;0;4.6624
HIP46620;142.5977219;-58.36190455;3.21;-30.65;22.35;0;5.9025
HIP46651;142.6754792;-40.46689069;60.13;-176.2;51.07;0;3.6577
HIP46701;142.8056407;-57.03439163;13.71;-32.55;6.24;0;3.2811
HIP46733;142.8815402;63.06179543;43.43;107.67;26.64;0;3.7327
HIP46750;142.9301685;22.96806566;9.36;-17.99;-35.99;0;4.4252
HIP46771;142.9866343;11.30003055;15.88;-96.68;-84.12;0;5.1437
HIP46774;142.9899274;9.71579817;6.78;-9.72;-13.59;0;5.2163
HIP46776;142.995561;-1.18465415;6.24;-12.6;-4.17;0;4.5926
HIP46812;143.0846669;10.77645924;6.88;-7.04;14.18;0;7.9772
HIP46853;143.218022;51.67860217;73.57;-945.32;-537.96;0;3.277
HIP46880;143.3019688;-21.11575902;9.54;-20.61;14.7;0;5.1798
HIP46889;143.3223718;-57.96342583;-14.86;-34.43;14.29;0;6.8383
HIP46974;143.611096;-59.22976798;1.64;-10.75;6.14;0;4.0868
HIP47175;144.2069041;-49.35512862;30.32;-129.78;42.97;0;4.3954
HIP47205;144.3029519;6.83577584;10.74;-62.64;1.43;0;5.1697
HIP47310;144.6141048;4.64941428;11.74;-164.99;-50.73;0;4.821
HIP47431;144.9638915;-1.14265726;12.36;46.4;-63.23;0;4.052
HIP47508;145.2879912;9.89239896;23.82;-143.44;-37.44;0;3.6282
HIP47723;145.9329231;14.0217068;6.19;3.33;-3.15;0;5.4483
HIP47758;146.0505425;-27.76956259;7.65;-53.04;35.6;0;4.8997
HIP47854;146.3117815;-62.50792326;2.2;-12.97;8.23;0;3.9414
HIP47908;146.4629266;23.77427798;13;-45.73;-10.48;0;3.1168
HIP47965;146.631934;57.12798965;6.04;0.7;32.9;0;5.1354
HIP48002;146.7755735;-65.0720195;2.91;-12.83;6.86;0;3.0186
HIP48036;146.8895437;11.42889435;9.16;-0.67;-41.72;0;6.9873
HIP48319;147.7487155;59.03910432;28.5;-294.45;-151.89;0;3.8476
HIP48356;147.8695109;-14.84654975;11.04;15.94;-27.28;0;4.2725
HIP48374;147.9195348;-46.54764428;3.06;-24.87;9.94;0;4.7497
HIP48455;148.1914903;26.00708498;24.91;-216.43;-54.98;0;4.0498
HIP48559;148.5518273;-25.93248203;9.83;-183.46;56.77;0;5.0366
HIP48615;148.7176548;-19.00926984;4.66;-48.25;-36.64;0;5.0366
HIP48774;149.2156452;-54.56779732;1.72;-13.75;3.9;0;3.5031
HIP49029;150.053435;8.04427686;6.21;-31.82;-22.59;0;4.7614
HIP49583;151.8331395;16.76266571;1.44;-1.41;-0.88;0;3.5034
HIP49637;151.9763286;9.99766388;11.62;-82.28;-64.77;0;4.5114
HIP49641;151.9845648;-0.37162727;5.24;-15.94;-11.56;0;4.4798
HIP49669;152.0935806;11.96719524;41.39;-249.02;6;0;1.3232
HIP49841;152.6474896;-12.35383832;34.18;-204.67;-91.87;0;3.7748
HIP50099;153.4344954;-70.0379217;8.75;-36.47;7.3;0;3.2783
HIP50191;153.684474;-42.12206283;31.8;-150.51;49.9;0;3.8653
HIP50332;154.167386;-51.20466401;3.95;-41.84;10.76;0;6.1399
HIP50333;154.1697969;13.72837132;6.12;-23.6;-15.48;0;5.5108
HIP50335;154.172518;23.41732841;12.51;19.85;-7.06;0;3.5096
HIP50371;154.2708553;-61.33231983;4.64;-24.72;6.95;0;3.5298
HIP50372;154.2746965;42.9144688;21.16;-164.52;-40.07;0;3.4586
HIP50555;154.9031883;-55.02931449;1.96;-13.74;3.35;0;4.7165
HIP50564;154.934626;19.47143589;47.41;-231.2;-214.91;0;4.8871
HIP50583;154.9923393;19.8418641;10.63;308.89;-155.17;0;2.1684
HIP50799;155.5816917;-41.65010794;16.21;-27.82;60.4;0;4.9905
HIP50801;155.5825137;41.49943327;14.6;-82.06;33.67;0;3.1544
HIP50954;156.0989188;-74.03154474;61.69;-16.57;-27.57;0;4.0753
HIP51008;156.313287;8.78493856;4.43;10.52;-39.42;0;5.6925
HIP51069;156.5229377;-16.83609581;13.44;-129.05;-80.18;0;3.9567
HIP51172;156.7881496;-31.06780223;8.89;-81.28;9.8;0;4.4113
HIP51192;156.8519928;-57.63881378;0.09;-7.5;3.57;0;4.7785
HIP51232;156.9697709;-58.73940859;3.1;-14.01;2.31;0;3.8953
HIP51233;156.9712208;36.70747779;22.14;-116.77;-99.34;0;4.3599
HIP51313;157.2191544;-64.17228454;0.7;-17.29;1.52;0;5.3486
HIP51495;157.7586441;-73.22150891;3.48;-7.89;7.72;0;5.0495
HIP51576;158.0061825;-61.68536032;6.5;-17.02;11.44;0;3.3225
HIP51585;158.04916;14.13720951;3.16;-42.24;24.25;0;5.5148
HIP51624;158.2028133;9.30659442;0.88;-7.43;-3.77;0;3.7965
HIP51635;158.2370119;-47.00337021;2.65;-24.29;6.88;0;5.1802
HIP51718;158.5037132;-23.74521619;4.97;-11.23;20.75;0;5.1978
HIP51821;158.8036462;-39.56259661;3.34;-32.46;2.94;0;5.3747
HIP51839;158.8675767;-78.60781377;7.97;-38.24;11.61;0;4.2102
HIP51849;158.8971442;-57.55763548;2.23;-16.4;0.51;0;4.5941
HIP51912;159.0856844;-59.5642954;12.03;-41.23;-39.46;0;5.247
HIP51979;159.3074947;-27.41268663;6.75;-114.06;20.64;0;4.9627
HIP51986;159.3260545;-48.22560897;38.42;-145.84;-8.16;0;3.9098
HIP52009;159.3885311;-13.38445092;6.26;41.25;-38.54;0;4.9456
HIP52085;159.6458873;-16.87663679;14.21;-99.86;27.75;0;5.0625
HIP52102;159.6875517;-59.18299838;2.93;-15.6;1.08;0;4.8515
HIP52106;159.6904383;-59.17923527;-80.81;-18.85;3.94;0;7.6718
HIP52154;159.8267189;-55.60327904;3.71;-19.48;4.68;0;4.4504
HIP52419;160.7392783;-64.39447935;7.37;-19.11;11.78;0;2.6536
HIP52468;160.8846154;-60.56662708;2.92;-16.05;2.77;0;4.6761
HIP52536;161.1171634;-23.9854632;1.44;-25.81;14.54;0;6.7925
HIP52727;161.6921735;-49.42012567;29.31;64.92;-49.22;0;2.8299
HIP52943;162.405967;-16.19413214;23.5;93.15;199.47;0;3.2707
HIP53229;163.327666;34.21556598;36.21;83.6;-278.5;0;3.9531
HIP53253;163.3731925;-58.8532648;34.05;78.6;39.14;0;3.9412
HIP53417;163.9035347;24.7497537;-3.37;-76.51;-13.1;0;4.3235
HIP53449;164.0061792;6.1853842;9.71;-23.62;-6.59;0;5.6115
HIP53502;164.1791513;-37.13746287;16.54;74.07;-124.64;0;4.7656
HIP53740;164.9447866;-18.29909716;18.88;-462.04;128.3;0;4.2458
HIP53773;165.0385244;-42.22586957;16.07;23.08;4.69;0;4.4145
HIP53807;165.1401645;3.61753346;10.69;13.5;-15.98;0;5.0103
HIP53907;165.4569538;-2.48449706;6.58;9.83;-36.95;0;4.8314
HIP53910;165.4599616;56.38234481;40.94;81.56;33.6;0;2.3499
HIP53954;165.5824216;20.17974575;26.15;-9.54;38.97;0;4.4298
HIP54061;165.9326502;61.75111997;22.71;-128.75;-78.09;0;1.9519
HIP54182;166.2551246;7.33612251;34.6;-344.69;-47.83;0;4.7042
HIP54301;166.6353095;-62.42413654;8.94;-37.66;9.66;0;4.7809
HIP54463;167.1474817;-58.97504193;0.88;-6.16;1.96;0;4.089
HIP54522;167.3296331;36.30943441;8.46;-44.17;-22.86;0;5.691
HIP54539;167.4160807;44.49855351;22.48;-62.39;-27.29;0;3.1638
HIP54682;167.914526;-22.82560631;10.82;2.05;-100.69;0;4.4775
HIP54751;168.1500845;-60.31763068;0.31;-6.64;2.16;0;4.718
HIP54872;168.526717;20.52403382;56.38;143.82;-130.49;0;2.5932
HIP54879;168.5601704;15.42976313;18.64;-59.81;-78.94;0;3.3288
HIP54951;168.8010133;23.09552502;3.51;-24.86;-6.26;0;4.6076
HIP55084;169.1656836;-3.65151417;17;-109.78;-36.95;0;4.5165
HIP55137;169.3223675;2.01090316;8.15;54.18;-143.1;0;5.2803
HIP55219;169.6198138;33.0942387;7.18;-26.06;27.83;0;3.6375
HIP55282;169.8355113;-14.77904351;15.95;-123.52;206.97;0;3.7179
HIP55425;170.2518623;-54.49102347;10.61;-36.99;-5.46;0;3.8358
HIP55434;170.2843673;6.02935289;15.28;-92.5;-13.1;0;4.0346
HIP55588;170.8029264;-36.16476789;3.26;-24.8;-0.83;0;5.1327
HIP55642;170.980702;10.52969846;46.09;151.37;-80.81;0;4.0331
HIP55687;171.1525225;-10.85938276;8.81;-25.1;23.81;0;4.9202
HIP55705;171.2207634;-17.68401745;39.04;-97.15;3.14;0;4.1269
HIP55763;171.3880335;-37.74754766;6.29;-42.32;-11.49;0;5.8976
HIP55945;171.9842912;2.85629069;4.94;16.71;-11.16;0;5.116
HIP56127;172.5786743;-3.00345883;5.63;18.82;-16.81;0;4.8877
HIP56211;172.851202;69.33112167;9.71;-40.91;-18.85;0;3.9165
HIP56243;172.9419714;-59.44206382;0.96;-4.18;1.63;0;5.234
HIP56332;173.2256246;-31.08723552;7.6;-30.02;4.86;0;5.2285
HIP56343;173.2510794;-31.85752403;25.56;-209.73;-41.45;0;3.7025
HIP56518;173.8056576;-47.37256108;5.02;-88.16;-7.64;0;5.7005
HIP56561;173.9455343;-63.0198249;7.61;-35.64;-6.14;0;3.1068
HIP56647;174.2372076;-0.82385418;18.93;1.11;42.62;0;4.4672
HIP56675;174.3164273;-75.8965413;23.05;-127.03;-1.94;0;5.7279
HIP56702;174.3922393;-60.90324953;5.73;-69.57;6.93;0;6.2999
HIP56779;174.61504;8.13428329;6.63;-4.52;5.16;0;5.2234
HIP56862;174.8734738;-65.3977481;6.39;-33.12;-5.82;0;5.1796
HIP56986;175.2235527;-62.090104;4.48;-15.04;1.16;0;5.0972
HIP57047;175.4331349;-32.49932231;7.55;-6.9;-33.02;0;5.3532
HIP57175;175.8799992;-62.48939856;1.28;-5.77;1.22;0;5.153
HIP57283;176.1906623;-18.35061464;9.48;27.41;-24.96;0;4.876
HIP57363;176.4023629;-66.72884286;24.84;-99.05;34.57;0;3.684
HIP57380;176.4648776;6.5298138;10.37;-20.31;-182.28;0;4.1388
HIP57399;176.5130589;47.77933701;16.32;-138.46;28.22;0;3.855
HIP57439;176.6285376;-61.17835907;7.42;-21.19;-16.02;0;4.2658
HIP57512;176.8298711;-57.69654709;3.96;-25.95;19.62;0;5.5273
HIP57565;176.9967765;20.21894123;14.42;-146.51;-4.22;0;4.6286
HIP57581;177.0603726;-66.81487091;7.56;30.11;-15.86;0;4.863
HIP57607;177.1634612;-35.98690215;4.69;-11.37;-8.09;0;6.3157
HIP57613;177.1879391;-26.74975371;6.98;-35.63;-10.4;0;5.0462
HIP57632;177.2661598;14.57233689;89.43;-497.36;-114.2;0;2.1605
HIP57669;177.4212;-63.78848921;6.55;-19.88;4.32;0;4.2717
HIP57696;177.4859462;-70.22578582;2.42;-8.06;-0.95;0;5.1325
HIP57757;177.6720255;1.76537707;91.89;740.87;-270.49;0;3.7136
HIP57803;177.7864651;-45.1734495;7;-73.02;-8.24;0;4.6271
HIP57936;178.2273433;-33.90812089;16.81;-55.76;2.42;0;4.2517
HIP58001;178.4572552;53.69473334;38.65;96.05;8.97;0;2.4286
HIP58758;180.7570795;-63.31294503;13.99;-152.92;6.88;0;4.3862
HIP58905;181.1944323;-76.51917477;6.94;-77.79;46.58;0;5.1622
HIP58948;181.3027897;8.73284666;14.56;-227.86;46.31;0;4.2802
HIP59072;181.7202201;-64.61363898;50.77;33.95;-36.88;0;4.2219
HIP59151;181.9587009;-75.36706514;7.46;-92;19.42;0;5.3231
HIP59196;182.0897662;-50.72240994;5.39;-40.08;-9.02;0;2.5241
HIP59199;182.1031359;-24.72877993;67.69;98.15;-39.74;0;4.0992
HIP59316;182.5313577;-22.619792;11;-71.76;10.43;0;3.1761
HIP59449;182.9131299;-52.36841568;10.56;-36.48;-13.96;0;3.9086
HIP59588;183.3040354;-34.12528745;3.55;-37.72;5.18;0;6.1429
HIP59654;183.5113508;-45.72393771;-12.94;-44.13;5.69;0;5.4459
HIP59747;183.7864874;-58.7489017;9.24;-35.98;-9.84;0;2.7066
HIP59774;183.856038;57.03259792;40.15;103.68;8.12;0;3.3353
HIP59803;183.9519493;-17.54198371;19.86;-158.5;22.26;0;2.5477
HIP59847;184.0856467;23.94542336;12.75;-26.66;-6.45;0;5.0956
HIP59929;184.394318;-67.96067163;10.78;-231.68;-26.71;0;4.0506
HIP60000;184.587266;-79.31226898;11.83;-38.77;12.59;0;4.2039
HIP60009;184.6095528;-64.00304564;8.35;-36.14;-9.65;0;3.9952
HIP60030;184.6679085;-0.78714479;9.87;33.95;-16.28;0;5.9541
HIP60059;184.749285;-55.14297535;8.5;-71.87;-11.06;0;5.1071
HIP60122;184.9530131;48.98413191;5.87;-13.85;5.95;0;5.3751
HIP60129;184.9766308;-0.66674696;14.56;-64.2;-20.97;0;3.8992
HIP60172;185.0881355;3.31272695;11.82;-292.99;-64.15;0;5.1252
HIP60202;185.1795548;17.79265308;9;-110.15;88.25;0;4.8881
HIP60260;185.3408803;-60.40136989;14.24;-171.36;92.06;0;3.7319
HIP60718;186.6498017;-63.09905147;14.42;13.04;-21.65;0;0.6739
HIP60742;186.7346982;28.26861974;18.76;-83.06;-81.14;0;4.5164
HIP60781;186.8703177;-58.99176937;5.37;-14.36;3.59;0;5.3605
HIP60823;187.0100483;-50.23060478;7.34;-32.53;-12.85;0;3.8436
HIP60965;187.4665965;-16.51509398;37.32;-210.12;-139.13;0;2.9449
HIP60998;187.5281716;69.20126078;5.35;-58.42;-55.1;0;5.0608
HIP61084;187.7913721;-57.11256922;36.77;28.75;-265.53;0;1.6299
HIP61174;188.0186864;-16.19586562;54.74;-425.22;-58.31;0;4.3853
HIP61199;188.1171289;-72.1329759;10.31;-51.6;-5.15;0;3.7903
HIP61359;188.5968087;-23.39662305;23.1;1.35;-56.32;0;2.8099
HIP61404;188.7269316;-67.7568885;3.31;-13.26;-3.86;0;5.8299
HIP61415;188.7764555;18.37704916;45.7;-5.11;19.72;0;6.4899
HIP61418;188.782343;18.3770018;10.65;-3.51;22.62;0;5.1936
HIP61585;189.2961821;-69.13553357;10.68;-40.03;-12.35;0;2.6109
HIP61622;189.4263659;-48.54128815;24.77;-186.47;-6.48;0;3.8752
HIP61658;189.5935503;1.85470457;6.38;-80.06;-17.73;0;5.7286
HIP61740;189.8117186;-7.9955044;10.34;-77.45;-24.76;0;4.8251
HIP61932;190.3800149;-48.95989279;28.02;-195.14;8.72;0;2.146
HIP61941;190.4166826;-1.44950589;-8.7;-596.41;-2.25;0;2.8213
HIP62012;190.6481714;-48.81303494;17.16;-123.97;-30.35;0;4.8254
HIP62223;191.28262;45.44022453;4.31;-3.08;13.11;0;5.3059
HIP62268;191.4079844;-60.98116056;26.11;112.13;-65.43;0;4.8538
HIP62322;191.5702818;-68.10810825;3.97;-25.86;4.67;0;2.9789
HIP62356;191.661472;16.57764917;10.44;13.67;16.12;0;5.2699
HIP62434;191.9304942;-59.68873237;11.96;-42.07;-16.16;0;1.1537
HIP62867;193.2790691;-48.94325317;10.97;-79.1;-24.52;0;4.4793
HIP62886;193.3240372;21.24502773;6.69;-45.98;-28.92;0;5.0514
HIP62896;193.3589421;-40.1788181;18.79;63.14;-24.31;0;4.3163
HIP62956;193.506804;55.95984314;39.8;111.92;-8.1;0;1.7545
HIP62985;193.5882255;-9.53894652;8.33;-21.36;-17.44;0;4.8309
HIP63003;193.6485733;-57.17789113;8.57;-31.15;-13.44;0;3.9538
HIP63005;193.6538386;-57.16864389;8.8;-30.75;-9.95;0;5.1101
HIP63024;193.735567;47.19673765;4.94;-18.23;-7.14;0;5.6709
HIP63066;193.8310897;-42.91570152;5.18;-38.5;-12.52;0;5.5509
HIP63090;193.9020136;3.39759872;16.08;-469.83;-53.76;0;3.4405
HIP63125;194.0076705;38.31824593;29.13;-234.5;54.58;0;2.8471
HIP63355;194.7311079;17.40936075;9.84;-37.43;33.71;0;4.8555
HIP63608;195.5448356;10.95910196;30.98;-274.32;19.56;0;2.998
HIP63613;195.5657342;-71.54879933;35.53;261.09;-23.48;0;3.7698
HIP63950;196.5941004;22.61629051;3.6;28.61;-43.51;0;5.405
HIP64004;196.7277628;-49.90621592;7.68;-26.37;-12.83;0;4.2058
HIP64022;196.7946161;27.62490673;10.63;34.06;-69.6;0;4.9175
HIP64166;197.263679;-23.11797296;14.27;-22.5;-39.94;0;5.1032
HIP64238;197.4875502;-5.53892476;9.22;-36.81;-31.07;0;4.369
HIP64241;197.4981227;17.5291165;61.44;-434.15;135.22;0;4.4292
HIP64408;198.014445;-37.8031361;48.73;-382.37;46.91;0;4.9825
HIP64569;198.5183544;-2.80697778;6.37;-37.24;-2.52;0;6.0856
HIP64820;199.3043125;-66.78342262;2.73;-15.11;-6.14;0;5.0187
HIP64852;199.4011957;5.46984495;6.42;-6.24;13.8;0;4.8643
HIP64924;199.60405;-18.3086106;117.26;-1070.59;-1063.92;0;4.866
HIP64962;199.7302226;-23.17141251;24.14;68.81;-42.92;0;3.1521
HIP65109;200.150273;-36.71208075;55.48;-341.88;-85.68;0;2.7717
HIP65378;200.9809141;54.92541569;46.61;121.94;-22.71;0;2.254
HIP65387;201.0018474;-64.53561702;12.81;29.31;-20.92;0;4.68
HIP65468;201.2806683;-74.88749735;14.41;-108.33;-132.07;0;5.2101
HIP65474;201.2983524;-11.16124472;12.5;-41.58;-30.35;0;0.8891
HIP65535;201.5318298;-39.75496474;17.43;178.03;-53.4;0;5.2982
HIP65581;201.6801853;-12.70761263;6.58;-130.2;-21.38;0;5.3888
HIP65639;201.8634921;-15.97363076;12.25;-122.04;20.92;0;4.9272
HIP65835;202.4284111;-23.28135766;7.23;-58.4;12.42;0;5.4789
HIP65842;202.4518832;-57.56407509;5.32;51.98;-29.64;0;7.94
HIP65936;202.7611182;-39.40727986;3.48;-15.13;-10.8;0;4.0636
HIP66006;202.9914418;-6.25571071;7.52;-104.98;-44.1;0;4.7615
HIP66249;203.6739783;-0.59593858;45.38;-277.45;46.12;0;3.4147
HIP66657;204.9719693;-53.46636245;8.32;-23.36;-16.27;0;2.2097
HIP66666;204.9995729;-49.95000123;6.1;-100.53;14.91;0;5.5197
HIP66738;205.1845521;54.68166137;5.91;-19.5;-10.86;0;4.7124
HIP66803;205.4034611;-8.70308216;5.94;-95.4;40.26;0;5.1029
HIP66860;205.5540964;8.38860609;28.26;-377.74;-86.66;0;6.2567
HIP67153;206.4231943;-33.04336604;51.76;-463.02;-146.18;0;4.3195
HIP67234;206.6640355;-51.43269761;13.05;9.99;-27.98;0;4.7986
HIP67275;206.816819;17.45677448;63.41;-476.89;55.63;0;4.5949
HIP67288;206.8556441;-17.85976358;5.01;59.74;-31.77;0;5.4895
HIP67301;206.8856088;49.31330283;32.48;-121.42;-14.64;0;1.7994
HIP67419;207.2584603;-28.36749055;9.93;-50.11;-61.36;0;6.0988
HIP67457;207.3614637;-34.45063027;18.4;-44.9;-59.96;0;4.1006
HIP67459;207.3695745;15.79780579;13.45;-93.17;40.4;0;4.1589
HIP67464;207.3762392;-41.68765975;6.92;-26.35;-20.58;0;3.3237
HIP67472;207.404199;-42.47368483;8.05;-23.62;-18.73;0;3.3969
HIP67480;207.4284167;21.26406408;8.89;21.98;15.92;0;5.0624
HIP67494;207.4681018;-18.1340762;13.13;-100.71;-38.39;0;5.1274
HIP67627;207.8580734;64.72328268;7.63;1.05;-0.94;0;4.6219
HIP67665;207.9478732;34.44431769;5.48;-20.6;-32.44;0;4.7831
HIP67669;207.95677;-32.99401965;2.88;-31.62;-34.61;0;4.2763
HIP67927;208.6713118;18.3985874;87.64;-61.19;-357.85;0;2.7957
HIP68002;208.8851454;-47.28826632;8.57;-56.74;-44.38;0;2.4419
HIP68191;209.4122368;-63.68661606;15.61;-40.74;-33.2;0;4.8736
HIP68245;209.5678528;-42.10070527;7.07;-23.52;-19.68;0;3.7448
HIP68282;209.6698807;-44.80353142;7.69;-27.28;-22.18;0;3.7877
HIP68520;210.4115966;1.54458338;14.81;16.99;-21.84;0;4.2777
HIP68523;210.4312164;-45.60337068;5.2;9.82;-17.16;0;4.4632
HIP68692;210.9095808;-66.73533408;5.93;-39.32;-26.46;0;7.7053
HIP68702;210.9560219;-60.37297757;7.86;-33.28;-23.82;0;0.5366
HIP68815;211.3337551;-76.79667654;9.28;-88.46;-33.99;0;5.074
HIP68862;211.5116084;-41.17958038;7.55;-23.64;-20.96;0;4.2874
HIP68895;211.5927874;-26.68201881;31.9;43.94;-140.89;0;3.4187
HIP68933;211.6721861;-36.36869564;54.45;-520.02;-517.58;0;2.2226
HIP69038;211.9822773;43.85452492;6.98;11.31;-30.46;0;5.097
HIP69068;212.072317;49.45802066;5.82;-59.13;59.86;0;5.341
HIP69191;212.4789859;-53.43872587;17.99;-144.73;-90.68;0;4.9002
HIP69269;212.7103478;-16.30200361;5.85;3.58;-11.23;0;5.015
HIP69373;213.0168896;69.43266875;7.21;-26.42;-49.43;0;5.2688
HIP69415;213.1918047;-27.26110002;14.1;-14.23;-35.16;0;5.2345
HIP69427;213.2239209;-10.27404391;14.06;6.93;139.77;0;4.3251
HIP69673;213.9181142;19.18727067;89.19;-1093.78;-1999.74;0;0.1114
HIP69701;214.003687;-5.99952623;46.97;-27.37;-417.64;0;4.1854
HIP69974;214.7775078;-13.37116642;17.99;-15.78;28.82;0;4.5624
HIP69996;214.8509704;-46.05808389;9.73;-13.53;-4.64;0;3.4849
HIP70027;214.9388367;16.30680118;17.6;-141.18;59.7;0;5.0121
HIP70069;215.0814697;-56.38647893;2.68;-9.59;-6.7;0;4.3627
HIP70090;215.1394971;-37.88526716;12.93;-64.41;-10.76;0;4.0385
HIP70264;215.6546725;-58.45916415;14.1;-43.78;19.06;0;4.9105
HIP70306;215.7746158;-27.75373393;18.49;-203.09;-117;0;4.9395
HIP70576;216.5450065;-45.37926092;10.27;13.63;-5.64;0;4.4387
HIP70638;216.7322535;-83.66785304;11.46;-96.21;-13.12;0;4.4667
HIP70692;216.8813438;75.69593918;9.3;9.17;21.5;0;4.3883
HIP70755;217.0509175;-2.2279499;25.5;-138.73;-3.22;0;4.9445
HIP71053;217.957741;30.37114494;22.18;-100.87;119.82;0;3.7331
HIP71075;218.0198242;38.30788348;38.44;-115.08;151.1;0;3.098
HIP71140;218.2378395;-42.40541403;8.28;-20.09;-19.64;0;7.8581
HIP71352;218.8768816;-42.15774562;10.74;-34.55;-32.44;0;2.2729
HIP71536;219.4718796;-49.42575766;10.62;-28.19;-28.88;0;3.9964
HIP71762;220.1815019;16.41830695;10.2;15.06;11.19;0;4.5038
HIP71795;220.2871504;13.72830241;34.9;39.56;5.51;0;3.7971
HIP71832;220.4114855;8.16175611;5.72;-10.06;2.81;0;5.0289
HIP71860;220.4823912;-47.38814149;7.49;-22.4;-20.16;0;2.2296
HIP71865;220.4900534;-37.79342392;10.18;-29.35;-30.56;0;3.9422
HIP71908;220.6278544;-64.97456953;60.91;-192.29;-233.76;0;3.2465
HIP71957;220.7648432;-5.65742893;54.12;107.58;-317.18;0;3.9589
HIP71995;220.8557163;26.52789076;4.08;-13.78;-15.73;0;4.8689
HIP72010;220.9145146;-35.17322545;15.66;-61.98;-177.86;0;4.2045
HIP72105;221.2468745;27.07417721;16.35;-50.29;20.35;0;2.5167
HIP72125;221.3104052;16.96440286;14.52;-60.16;-52.16;0;4.7668
HIP72208;221.5249888;15.131741;3.08;-85.63;16.69;0;5.5986
HIP72220;221.5624659;1.89293833;25.05;-115.78;-21.33;0;3.7371
HIP72370;221.9655255;-79.04471243;7.67;-5.49;-15.85;0;3.9796
HIP72432;222.1585715;-36.63458513;7.33;-14.74;-46.06;0;5.7201
HIP72571;222.5727779;-27.96021923;10.87;-239.08;-61.94;0;4.5608
HIP72607;222.6766474;74.15547597;25.39;-32.28;11.18;0;2.2044
HIP72622;222.7199054;-16.04161048;42.28;-105.24;-68.62;0;2.7892
HIP72631;222.7542507;-2.29884985;14.15;89.3;-124.64;0;5.0912
HIP72659;222.8470207;19.10063351;148.74;142.26;-54.84;0;4.6801
HIP72683;222.9096805;-43.57529381;8.27;-25.71;-25.79;0;4.2816
HIP73165;224.2960699;-4.34608632;36.18;-98.19;-154.19;0;4.5518
HIP73199;224.3963297;65.93238136;9.02;-78.53;31.47;0;4.5808
HIP73273;224.6331419;-43.13386698;6.66;-35.52;-38.66;0;2.5982
HIP73334;224.7904126;-42.104142;6.56;-18.4;-21.71;0;3.0671
HIP73497;225.3325414;-2.75487195;5.43;27.99;-21.06;0;5.6057
HIP73555;225.4866381;40.39063674;14.72;-40.72;-29.47;0;3.6469
HIP73568;225.5271339;25.0082565;8.19;-5.2;-48.91;0;4.9265
HIP73620;225.7252917;2.09127127;17.49;-54.91;13.33;0;4.5583
HIP73714;226.0177579;-25.28185597;10.97;-73.09;-44.27;0;3.3093
HIP73745;226.1119046;26.94765989;12.45;-174.58;-5.01;0;4.6769
HIP73764;226.1787568;-40.86124209;8.9;-10.61;-36.19;0;6.1573
HIP73807;226.2796946;-47.05120148;8.38;-4.59;-8.73;0;3.8552
HIP73945;226.6567432;-16.25676127;4.08;-36.68;-23.48;0;5.3069
HIP74117;227.2109567;-45.27979397;7.25;-17.49;-22.71;0;4.0022
HIP74376;227.9839924;-48.73770356;17.36;-96.39;-49.2;0;3.8523
HIP74380;227.9906838;-48.74358049;8.98;-98.25;-43.54;0;5.7492
HIP74395;228.0716798;-52.09907464;27.83;-112.86;-71.55;0;3.5711
HIP74582;228.5798659;-70.07945569;2.31;3.75;-8.31;0;5.5275
HIP74666;228.8754324;33.31510218;27.76;84.35;-111.55;0;3.6268
HIP74745;229.1348482;-39.56092633;0.76;9.05;-7.82;0;7.0059
HIP74785;229.2519658;-9.38286689;19.93;-97.47;-20.05;0;2.574
HIP74824;229.3790011;-58.80087861;33;-97.23;-135.4;0;4.1042
HIP74837;229.4120325;-63.61048645;8.77;3.2;9.06;0;5.0175
HIP74857;229.4576867;-30.14866246;10.23;-10.29;-7.2;0;4.5203
HIP74911;229.6335153;-47.87520886;2.47;-41.78;-29.89;0;4.2229
HIP74915;229.6408598;-47.87913281;-44.59;-26.53;-35.77;0;6.6281
HIP74946;229.7278701;-68.67946721;17.8;-66.24;-31.3;0;2.8816
HIP75097;230.1822883;71.83397314;6.33;-18.74;18.81;0;3.0449
HIP75141;230.3430695;-40.64745897;4.29;-17.11;-22.05;0;3.1417
HIP75177;230.4518185;-36.26116721;9.88;-91.56;-85.05;0;3.6909
HIP75264;230.6703639;-44.68957136;6.38;-19.58;-21.2;0;3.3138
HIP75323;230.8443998;-59.32069894;21.03;-12.96;-16.38;0;4.537
HIP75458;231.2324338;58.96602356;31.97;-8.55;17.27;0;3.4638
HIP75530;231.4475214;15.42805431;3.62;-13.12;-7.67;0;5.2516
HIP75695;231.9577185;29.10549072;28.12;-182.4;87.92;0;3.7373
HIP75828;232.3511508;-46.7326907;3.63;-7.9;-5.55;0;5.3563
HIP75920;232.5992011;12.0000028;3.27;-13.43;2.83;0;7.3199
HIP75973;232.7322951;40.83306816;3.88;10.83;-8.35;0;5.1479
HIP76008;232.8543924;77.34933896;4.36;-47.07;8.43;0;5.1099
HIP76207;233.5072393;-40.0663486;1.93;-39.57;-34.88;0;5.8668
HIP76219;233.5438323;-10.06395967;34.53;307.49;-235.12;0;4.7723
HIP76259;233.6554558;-28.04690821;10.42;12.37;-34.93;0;5.275
HIP76267;233.6716231;26.71491025;44.06;119.58;-89.4;0;2.221
HIP76276;233.7007922;10.53885351;21.2;-64.5;-5.78;0;3.8677
HIP76297;233.7851434;-41.16668151;11.4;-18.39;-24.81;0;2.7
HIP76307;233.8120839;39.01004619;5.72;24.73;8.56;0;5.2276
HIP76333;233.8814139;-14.78955362;21.36;64.7;8.04;0;4.0672
HIP76423;234.1174552;15.10140094;6.62;-7.52;10.87;0;6.1503
HIP76440;234.1799454;-66.31690468;14.88;24.55;-54.35;0;4.2736
HIP76470;234.2560772;-28.1350706;16.18;-15.32;1.5;0;3.7471
HIP76552;234.5138428;-42.56748488;14.36;-150.02;57.85;0;4.4791
HIP76573;234.5693167;24.52190757;6.31;-13.42;-16.76;0;6.4541
HIP76600;234.6641016;-29.77768938;9.06;-18.51;-26.99;0;3.5999
HIP76705;234.9415618;-34.41189264;13.23;6.13;-11.6;0;4.8251
HIP76742;235.0704392;-23.81805845;6.8;-14.65;-13.34;0;5.1247
HIP76829;235.2979823;-44.66055932;56.98;-168.61;-266.14;0;4.7367
HIP76852;235.3878847;19.67050566;16.63;-59.97;-42.55;0;4.5337
HIP76880;235.4867438;-19.67857499;8.24;-37.37;-103.76;0;4.8503
HIP77070;236.0666491;6.4255198;44.11;133.84;45.57;0;2.7971
HIP77233;236.5467287;15.42192578;22.14;67.11;-46.48;0;3.6836
HIP77257;236.6114415;7.35323967;84.47;-223.37;-69.93;0;4.5434
HIP77450;237.1850358;18.1417793;9.14;-51.97;-88.39;0;4.1929
HIP77516;237.4052739;-3.43014144;22.61;-85.41;-28.1;0;3.5411
HIP77622;237.7037134;4.47757981;46.46;127.47;61.72;0;3.7548
HIP77634;237.739757;-33.62710538;17.3;-7.57;-30.95;0;3.9547
HIP77661;237.8164298;20.97787542;8.47;-53.84;18.19;0;4.8612
HIP77853;238.4561544;-16.72962227;20.11;99.62;134.34;0;4.2934
HIP77902;238.644433;20.31086357;5.38;-83.56;42.4;0;5.5572
HIP77907;238.6578212;43.13840638;5.47;-33.84;65.1;0;5.4196
HIP77952;238.7867001;-63.42974969;80.93;-187.62;-401.75;0;2.9075
HIP77982;238.873389;-68.60298615;1;-8.98;-5.76;0;5.2746
HIP78072;239.112476;15.66473322;89.81;311.09;-1283.07;0;3.9456
HIP78104;239.2211944;-29.21401213;7.63;-15.61;-24.32;0;3.8095
HIP78159;239.3970912;26.87802631;13.98;-77.48;-60.76;0;4.2992
HIP78173;239.4271292;-67.13596524;2.8;-2.39;-6.89;0;7.7876
HIP78265;239.7130028;-26.11404284;7.3;-11.89;-26.26;0;2.8274
HIP78323;239.8762327;-41.74439605;8.15;-36.95;-16.74;0;5.1542
HIP78384;240.0305856;-38.39664083;6.22;-16.94;-26.8;0;3.3398
HIP78401;240.0833822;-22.62161952;7.56;-11.34;-26.83;0;2.2617
HIP78574;240.6634675;47.24019858;7.19;-68.8;62.96;0;5.7835
HIP78639;240.8035842;-49.22972076;14.85;41.53;10.42;0;4.8061
HIP78650;240.8361122;-25.86514895;14.97;-67.72;-37.93;0;5.1173
HIP78662;240.8842539;-57.77487323;23.38;-118.69;-77.21;0;4.6904
HIP78820;241.3593145;-19.80539382;1.64;-4.33;-23.1;0;2.594
HIP78821;241.3607228;-19.80182495;25.8;-45.71;-27.35;0;4.9235
HIP78918;241.6481506;-36.80221273;7.05;-16.69;-28.24;0;4.1582
HIP78933;241.701802;-20.66913478;7.61;-10.56;-23.11;0;3.9307
HIP78990;241.8512505;-20.86865409;12.03;42.55;-45.02;0;4.4647
HIP79043;242.018944;17.04699363;7.67;-33.77;-6.01;0;5.1628
HIP79045;242.020707;17.05445425;5.55;-24.73;-29.17;0;6.4171
HIP79050;242.0313374;-26.32666484;7.52;100.27;-6.06;0;5.42
HIP79072;242.1170129;8.53432479;5.58;-11.96;-6.05;0;5.708
HIP79302;242.7588628;-29.41600649;12.54;-87.66;-87.07;0;5.2578
HIP79349;242.9085383;23.49482993;5.93;-21.52;-11.94;0;5.7148
HIP79374;242.998905;-19.46065477;4;-7.8;-12.64;0;4.0076
HIP79490;243.3207238;-53.67116384;1.07;-4.78;-4.22;0;6.0404
HIP79509;243.3697262;-54.63041287;6.92;-4.38;-21.84;0;5.1145
HIP79540;243.4621188;-11.83772219;6.84;-4.85;-10.27;0;5.3868
HIP79593;243.586526;-3.69397559;18.13;-44.52;-143.35;0;2.8283
HIP79598;243.6152176;-62.77037984;0.63;-0.75;-2.5;0;7.7142
HIP79636;243.7682582;-56.37399561;24.49;-210.58;-224.47;0;7.9261
HIP79664;243.8594423;-63.68564897;5.15;3.01;-13.19;0;4.0248
HIP79754;244.1802909;-53.81110762;4.47;7.4;-1.17;0;5.4919
HIP79790;244.2538981;-50.06811217;2.42;-1.43;-3.69;0;5.1062
HIP79804;244.3139112;59.75496116;5.01;6.43;25.43;0;5.3705
HIP79882;244.5801703;-4.69260798;30.28;84.67;40.79;0;3.3887
HIP80000;244.9606984;-50.15537915;25.27;-159.93;-52.01;0;4.1761
HIP80047;245.0868129;-78.69565607;4.35;-10.46;-36.64;0;4.6689
HIP80057;245.1119322;-78.66742062;4.95;-2.05;-30.11;0;5.409
HIP80079;245.1590975;-24.16928442;3.4;-6.05;-16.25;0;4.6441
HIP80112;245.2971669;-25.5927541;4.66;-11.61;-18.55;0;2.9227
HIP80170;245.4801821;19.15302175;16.84;-47.23;43.37;0;3.8125
HIP80197;245.5892561;33.79914474;5.82;4.58;-38.08;0;5.2814
HIP80331;245.9979451;61.51407534;37.13;-16.5;56.51;0;2.8717
HIP80343;246.0258214;-20.03721096;17.27;-26.8;-45.12;0;4.6501
HIP80390;246.1323557;-37.56597001;7.03;-14.86;-29.76;0;5.3909
HIP80569;246.7559929;-18.45619694;6.67;-5.43;-21.86;0;4.287
HIP80620;246.9310706;-7.59755613;6.43;-0.36;-153.26;0;5.2899
HIP80693;247.1415719;0.66516716;7.62;5.61;-68.17;0;5.5359
HIP80704;247.1605205;41.88169067;8.92;29.53;-5.98;0;4.484
HIP80763;247.3519481;-26.43194606;4.82;-10.76;-22.23;0;0.9757
HIP80816;247.555256;21.48964702;19.07;-98.19;-14.94;0;2.9378
HIP80843;247.6400175;20.47934585;4.27;-89.27;-65.01;0;5.3912
HIP80874;247.7057229;-61.63348134;4.72;-10.82;-9.64;0;5.3579
HIP80883;247.7285122;1.98409241;32.11;-25.26;-61.21;0;3.8247
HIP80894;247.7849788;-16.61264008;15.34;-45.59;-37.24;0;4.4439
HIP80911;247.8455896;-34.70432085;4.25;-10.87;-18.5;0;4.1824
HIP80975;248.0341108;-21.46647778;18.66;20.6;36.84;0;4.4857
HIP81008;248.1516596;11.48823384;10.31;-178.71;-79.2;0;4.9577
HIP81065;248.3644341;-78.89695917;20.38;-125.95;-77.15;0;4.0203
HIP81266;248.9706642;-28.21596149;7.48;-9.05;-22.06;0;2.7374
HIP81304;249.0935872;-35.25535555;10.05;15.28;11.06;0;4.2829
HIP81377;249.2897085;-10.56715168;7.13;13.66;26.63;0;2.5708
HIP81497;249.6870334;48.92827742;8.45;-48.18;26.43;0;4.9375
HIP81693;250.3228254;31.60188805;93.75;-464.48;404.43;0;2.9338
HIP81724;250.3933178;-17.7421646;7.89;-20.44;-1.24;0;5.0769
HIP81833;250.7239104;38.92246082;29.74;35.35;-85.09;0;3.6411
HIP81852;250.7725816;-77.51657184;20.72;-282.55;-354.5;0;4.3954
HIP82028;251.3437717;15.74541192;6.19;25.13;-50.94;0;5.6468
HIP82073;251.4578875;8.58257803;9.64;-2.08;14.37;0;5.2731
HIP82172;251.8322702;42.23897958;4.42;2.37;-26.13;0;5.8475
HIP82273;252.1661075;-69.02763508;7.89;18.73;-31.74;0;2.0711
HIP82363;252.4462976;-59.04131648;10.24;39.63;-25.14;0;3.876
HIP82369;252.4582216;-10.78280348;35.14;93.84;-92.43;0;4.7415
HIP82396;252.5426873;-34.29260977;49.69;-611.89;-255.5;0;2.4532
HIP82504;252.938564;24.65641962;4.33;9.86;5.65;0;5.2109
HIP82514;252.9676622;-38.04732658;5.06;-11.29;-21.85;0;2.9246
HIP82545;253.0839729;-38.01747783;6.17;-11.99;-23.4;0;3.4829
HIP82650;253.4268207;-43.05089094;2.73;-17.15;-32.59;0;5.8791
HIP82671;253.4988637;-42.36201977;-0.88;-0.13;-3.3;0;4.8394
HIP82673;253.5020974;10.1654434;13.94;-53.69;-34.49;0;4.34
HIP82729;253.6462716;-42.36075919;21.71;-126.77;-228.1;0;3.7651
HIP83000;254.4177941;9.37505626;37.78;-292.54;-10.38;0;3.3612
HIP83081;254.6551284;-55.99005508;5.64;-17.15;-35.21;0;3.2393
HIP83153;254.8960278;-53.16049003;11.08;1.51;21.87;0;4.2025
HIP83262;255.2651062;-4.22245433;8.39;-40.26;-78.39;0;4.9545
HIP83430;255.7827333;14.09210026;8.27;25.13;-62.67;0;5.0446
HIP83895;257.1967717;65.71463658;10.29;-19.88;22.66;0;3.1359
HIP84012;257.5943856;-15.7251612;36.74;36.07;95.34;0;2.4393
HIP84105;257.9111453;-48.8733882;3.25;9.38;-4.16;0;5.925
HIP84143;258.038233;-43.23849034;45.45;22.4;-287.3;0;3.4149
HIP84177;258.1158567;10.58522856;4.79;2.84;-27.5;0;5.4015
HIP84311;258.5558537;-56.88851209;2.15;2.39;-6.36;0;6.0795
HIP84345;258.661926;14.39025193;2.24;-12.35;36.78;0;2.9137
HIP84379;258.7580173;24.83958738;41.8;-21.26;-157.19;0;3.1502
HIP84380;258.7618929;36.80915528;8.81;-27.46;2.94;0;3.3121
HIP84481;259.0662249;-15.22374105;3.69;-12.88;5.43;0;6.6177
HIP84514;259.152941;-0.44514552;14.07;-31.48;-59.28;0;4.8905
HIP84671;259.6541065;10.8647127;4.86;7.46;-97.84;0;5.1585
HIP84780;259.943707;2.13948275;5.99;22.02;23.14;0;6.2125
HIP84833;260.0786069;18.05721596;6.69;8.11;-56.52;0;5.1016
HIP84880;260.206815;-12.84688212;16.88;44.67;2.26;0;4.3496
HIP84893;260.2508762;-21.11243491;57.45;264.4;-204.16;0;4.4704
HIP84969;260.4980615;-67.77064959;10.24;-37.18;-7.56;0;4.9263
HIP84970;260.5024337;-24.99948797;4.46;-4.81;-22.81;0;3.1931
HIP85084;260.8399621;-28.14276037;5.6;0.51;-29.86;0;5.424
HIP85258;261.3249882;-55.52982396;5.29;-7.67;-24.34;0;2.9935
HIP85267;261.3485827;-56.37768821;2.83;-1.65;-13.94;0;3.271
HIP85302;261.4765552;16.91753762;5.57;-14.5;16.59;0;6.0578
HIP85340;261.5925724;-24.1750234;38.57;-1.59;-117.1;0;4.2332
HIP85355;261.628665;4.14034237;3.01;1.56;6.84;0;4.4833
HIP85365;261.6580627;-5.08649187;32.74;-92.43;-42.57;0;4.6189
HIP85423;261.8386001;-29.86669953;28.62;16.56;-137.94;0;4.3741
HIP85670;262.608237;52.30135902;8.9;-16.13;12.3;0;2.9466
HIP85693;262.684575;26.11060454;8.72;18.75;16.59;0;4.5456
HIP85696;262.6909949;-37.29574022;6.94;-3.92;-29.71;0;2.6043
HIP85727;262.7749037;-60.68360672;18.64;-54.77;-98.39;0;3.5681
HIP85760;262.8644717;-80.85902833;4.07;-3.09;-43.83;0;5.845
HIP85792;262.9605063;-49.87598159;13.12;-32.8;-66.75;0;2.7869
HIP85924;263.3883032;7.17828841;13.24;7.56;0.14;0;7.712
HIP85927;263.4021942;-37.10374816;2.66;-3.53;-29.57;0;1.5244
HIP86032;263.7333522;12.56057745;66.55;119.13;-227.75;0;2.1262
HIP86170;264.1368625;-38.63486706;21.41;-10.08;-199.15;0;4.427
HIP86228;264.329686;-42.99782081;11.08;4.88;0.79;0;1.9269
HIP86263;264.3967719;-15.39840845;31.44;-41.9;-59.86;0;3.6075
HIP86284;264.4613323;-8.11872115;5.44;-10.34;-20.84;0;4.6424
HIP86486;265.0988845;-49.41515469;45.74;103.84;-176.48;0;4.85
HIP86565;265.3538187;-12.87517283;20.35;-72.45;-55.02;0;4.2762
HIP86670;265.621999;-39.02992088;7.18;-6.44;-24.63;0;2.3164
HIP86742;265.8682372;4.56691682;39.29;-41.94;159.5;0;2.9279
HIP86929;266.4333435;-64.7237345;8.81;-10.46;-56.16;0;3.77
HIP86974;266.6154954;27.72249901;119.91;-294.6;-760.11;0;3.5596
HIP87072;266.8901127;-27.83076253;3.03;-4.11;-10.3;0;4.6672
HIP87073;266.8961713;-40.12698189;2.06;0.04;-5.59;0;3.1093
HIP87108;266.9732252;2.70745872;34.13;-23.73;-74.73;0;3.7637
HIP87261;267.4643807;-37.04337167;26.66;42.11;23.24;0;3.3521
HIP87585;268.3817896;56.87245215;29.09;93.74;78.68;0;3.8948
HIP87808;269.0632439;37.25052155;4.87;3.09;6.53;0;4.0284
HIP87833;269.1515744;51.48895104;21.88;-8.82;-23.27;0;2.3617
HIP87846;269.1976064;-44.34219861;9.72;-5.13;-19.17;0;5.0111
HIP87933;269.440961;29.24792525;24.14;82.05;-18.92;0;3.8533
HIP87936;269.4491936;-41.71625831;6.46;-4.41;-15.02;0;4.9672
HIP88048;269.7566567;-9.77334976;21.38;-7.96;-116.25;0;3.4871
HIP88060;269.7720043;-30.25300469;-3.38;1.7;-8.43;0;5.0748
HIP88128;270.0142527;16.75094483;4.91;-7.01;-11.47;0;4.8451
HIP88175;270.1205017;-3.69016113;43.41;154.39;-45.25;0;4.7088
HIP88192;270.1613146;2.93158758;2.34;0.8;-9.06;0;3.9704
HIP88267;270.3766678;21.59568053;35.42;-7.12;55.44;0;4.3512
HIP88290;270.4382932;1.30510939;11.35;18.42;-16.59;0;4.452
HIP88567;271.2550939;-29.58007621;1.47;5;-4.03;0;4.8104
HIP88601;271.3633795;2.50243818;206.87;156.95;-1050.02;0;4.1502
HIP88635;271.452186;-30.42364978;33.2;-52.38;-185.62;0;3.1356
HIP88657;271.507953;22.21889198;5.23;-12.75;-6.72;0;5.0243
HIP88714;271.6578282;-50.09145464;3;-9.07;-9.65;0;3.6327
HIP88765;271.8264764;8.73379366;13.45;9.51;29.52;0;4.8039
HIP88771;271.837586;9.56365364;38.72;-61.04;79.15;0;3.7636
HIP88839;272.0206791;-28.45701635;9.43;24.14;-30.4;0;4.7077
HIP88866;272.1449615;-63.6680488;24.04;19.18;-199.77;0;4.3993
HIP88886;272.1895526;20.81457213;2.15;-1.64;-6.61;0;4.3015
HIP89112;272.8074008;-45.95432695;8.33;-18.04;-36.98;0;4.683
HIP89153;272.9305334;-23.70116766;13.2;8.92;-29.22;0;5.1321
HIP89171;272.9634864;-56.40091962;7.41;-3.01;7.29;0;7.1818
HIP89172;272.9756952;31.40528835;5.59;-15.15;24.72;0;5.0243
HIP89234;273.1423622;-73.67177882;24.86;-57.37;-261.61;0;5.9605
HIP89341;273.4408696;-21.05883038;0.55;1.09;-0.89;0;3.8729
HIP89527;274.0232319;2.3775861;4.55;-6.37;-28.46;0;6.087
HIP89642;274.4072052;-36.76128085;21.11;-129.79;-167.19;0;3.1512
HIP89678;274.5132831;-27.04263452;4.66;4.78;-2.84;0;4.7764
HIP89773;274.7944774;24.44604618;2.55;8.84;5.12;0;5.4386
HIP89826;274.965505;36.06444697;13.79;-16.75;41.17;0;4.4951
HIP89861;275.0745983;21.9614409;7.6;18;-59.73;0;5.019
HIP89918;275.2169259;3.37714434;12.73;-2.53;10.3;0;5.0124
HIP89931;275.2484237;-29.82803904;10.69;33.13;-26.24;0;2.8654
HIP89937;275.2597397;72.73369373;124.18;530.88;-351.17;0;3.6666
HIP89962;275.3288358;-2.89712204;52.79;-548.14;-701.29;0;3.3995
HIP89980;275.3806833;-24.91527081;3.63;2.56;-1.54;0;6.0398
HIP89981;275.3861866;49.12146947;4.18;-24.09;50.81;0;5.0955
HIP90023;275.5362217;23.28498716;4.78;11.55;76.89;0;5.5176
HIP90036;275.5753507;7.5490581;14.24;-95.74;-52.92;0;7.3216
HIP90037;275.5775171;-38.65682495;6.29;-41.84;-28.86;0;5.2196
HIP90098;275.8067536;-61.49390507;6.81;3.98;3.41;0;4.4875
HIP90135;275.9148076;-8.9345104;15.84;48.07;44.04;0;4.8265
HIP90139;275.9240283;21.77034244;25.87;195.89;-242.92;0;4.0052
HIP90185;276.0431096;-34.38431455;21.79;-38.15;-123.62;0;1.7986
HIP90289;276.3376463;-20.54160599;5.35;4.41;-27.64;0;4.9358
HIP90422;276.7434596;-45.96832915;13.09;-16.44;-53.1;0;3.4234
HIP90496;276.9927896;-25.42124745;42.83;-44.82;-185.01;0;2.9838
HIP90568;277.2072334;-49.07003102;25.54;139.13;-229.13;0;4.2661
HIP90913;278.1805093;-14.86565432;2.6;0.43;-3.4;0;5.5518
HIP90982;278.3756672;-42.31245876;4.4;32.88;-20.47;0;4.7824
HIP91004;278.4728656;-24.0322654;1.21;-2.09;-6.93;0;5.5877
HIP91117;278.8018243;-8.24330834;18.14;-17.87;-313.75;0;4.0072
HIP91262;279.2341083;38.78299302;128.8;201.15;286.16;0;0.0868
HIP91352;279.4859064;-0.38582908;-1.98;6.44;-10.01;0;7.9053
HIP91373;279.5269657;39.66830545;2.77;5.93;8.37;0;5.8693
HIP91494;279.8966034;-43.18577559;3.71;-32.35;-42.89;0;5.4878
HIP91726;280.5684255;-9.05255355;17.5;8.43;1.63;0;4.7879
HIP91781;280.7296126;-19.28412826;2.77;-12.63;-33.9;0;6.0665
HIP91792;280.758891;-71.42772864;15.51;1.18;-157.88;0;4.1674
HIP91845;280.8801674;-8.27524264;5.93;20.58;8.46;0;5.0466
HIP92041;281.413971;-26.99077935;13.45;52.73;-0.05;0;3.1339
HIP92043;281.4155466;20.54712357;52.09;-9.85;-336.02;0;4.2992
HIP92111;281.5857852;-22.39218443;1.95;31.12;1.7;0;5.4869
HIP92161;281.755093;18.18123052;31.93;74.35;117.22;0;4.3895
HIP92175;281.7936548;-4.74782825;3.62;-6.77;-16.6;0;4.3804
HIP92390;282.417114;-20.32474031;4.25;0.29;34.18;0;5.3628
HIP92463;282.6563029;-26.77041571;8.97;-2.15;-25.29;0;7.2838
HIP92609;283.054319;-62.18756061;1.86;-1.49;-12.8;0;4.1657
HIP92630;283.1133581;-46.59511939;3.3;28.33;-0.45;0;5.6082
HIP92669;283.2495713;-46.58635607;3.96;4.23;11.09;0;6.1908
HIP92761;283.5423971;-22.74482009;1.86;4.41;-7.55;0;5.0022
HIP92791;283.6262029;36.89860517;3.61;-7.04;3.45;0;4.2177
HIP92818;283.6870048;22.64507336;7.46;6.68;0.83;0;4.7213
HIP92845;283.7794667;-22.67125341;11.32;104.86;-25.67;0;5.1716
HIP92855;283.8163196;-26.29659422;14.19;15.13;-53.97;0;2.0095
HIP92862;283.8336882;43.94589264;9.39;20.5;81.19;0;3.9348
HIP92931;284.0028034;-23.17371834;3.86;1.13;-13.63;0;5.9156
HIP92946;284.0548348;4.2035295;18.16;44.77;29.1;0;4.6864
HIP92951;284.0608809;4.20205974;29.4;50.88;28.54;0;5.056
HIP93015;284.2376697;-67.2335353;5.89;-7.96;17.08;0;4.4996
HIP93026;284.2651422;-5.84621427;16.2;61.74;-40.87;0;4.9936
HIP93085;284.4324137;-21.1066234;6.85;33.84;-13.59;0;3.688
HIP93163;284.6524778;-60.20062861;6.33;-125.5;32.95;0;5.283
HIP93194;284.7359356;32.68955309;4.82;-3.02;1.62;0;3.2343
HIP93244;284.9057877;15.0684771;25.31;-52.15;-73.44;0;4.184
HIP93429;285.4201723;-5.73901833;22.22;-22.63;-38.75;0;4.1784
HIP93506;285.6529564;-29.88011279;35.65;-17.84;2.98;0;2.6212
HIP93683;286.1705576;-21.74135452;23.45;77.03;-58.15;0;3.9215
HIP93747;286.3525518;13.86370984;39.13;-6.6;-95.57;0;2.9935
HIP93805;286.5622914;-4.88233471;25.85;-19.29;-90.91;0;3.4026
HIP93825;286.6043485;-37.06273621;44.85;113.12;-303.56;0;4.3123
HIP93864;286.7351771;-27.66981363;27.58;-54.21;-250.99;0;3.4689
HIP94005;287.0872207;-40.49663762;18.75;47.66;-26.58;0;4.7339
HIP94114;287.3678263;-37.90423954;25.23;85.28;-96.34;0;4.126
HIP94141;287.440974;-21.0235254;7.17;-0.4;-36.53;0;2.9664
HIP94160;287.5073018;-39.34070679;6.29;4.91;-36.98;0;4.2728
HIP94376;288.138146;67.66131703;32.68;94.93;92.02;0;3.2296
HIP94643;288.8849883;-25.25660694;8.77;41.51;-30;0;4.9774
HIP94648;288.8887239;73.35521448;26.79;-136.34;104.85;0;4.6171
HIP94713;289.0920643;38.13372785;4.06;-2.77;4.67;0;4.5178
HIP94779;289.275458;53.36816062;26.63;59.65;122.91;0;3.9512
HIP94820;289.4086899;-18.95288213;5.93;-10.23;-10.81;0;5.0469
HIP94885;289.6353711;1.08508588;6.8;11.41;18.09;0;5.2688
HIP94975;289.9058451;-51.57250341;8.51;22.18;-41.86;0;6.594
HIP95066;290.1368281;-5.41587651;21.66;113.38;45.4;0;5.1423
HIP95168;290.4182304;-17.84725152;26.81;-26.49;21.62;0;3.9884
HIP95176;290.4317584;-15.95500235;1.74;1.26;-6.01;0;4.5738
HIP95241;290.6595262;-44.45891072;10.48;9.06;-18.57;0;3.9357
HIP95294;290.8044187;-44.7996478;24.22;93.65;-53.75;0;4.3514
HIP95347;290.9714643;-40.61564643;19.31;32.03;-120.04;0;3.9295
HIP95501;291.3739582;3.11458457;78.34;256.75;81.61;0;3.4408
HIP95585;291.6295402;0.33857571;0.31;-0.47;-2.65;0;4.7784
HIP95771;292.1767125;24.66516486;11.85;-126.27;-106.74;0;4.5419
HIP95937;292.6659332;-2.78886134;6.27;21.33;-10.73;0;5.0826
HIP95947;292.6803602;27.9596869;7.77;-2.38;-8.93;0;3.2177
HIP96204;293.4418095;5.46576533;4.18;-5.08;-25.43;0;6.209
HIP96229;293.5217823;7.37931925;29.69;213.1;-156.54;0;4.6104
HIP96327;293.7802219;-10.56043645;7.38;7.56;-2.72;0;5.2829
HIP96341;293.8041407;-48.09911066;8.84;-8.08;-36.88;0;5.0505
HIP96428;294.0653248;14.39117272;9.32;13.66;-41.95;0;6.5461
HIP96468;294.180319;-1.28655046;10.16;0.35;-21.19;0;4.3265
HIP96757;295.024094;18.01393842;6.82;14.79;-20.51;0;4.5281
HIP96837;295.2622238;17.47612356;7.07;8.57;-33.57;0;4.5523
HIP97165;296.2435085;45.13069172;20.65;41.86;48.18;0;2.8683
HIP97278;296.5648755;10.61326861;7.64;15.72;-2.19;0;2.8695
HIP97290;296.5909135;-19.76089481;15.85;-129.24;-90.15;0;5.04
HIP97365;296.8469375;18.53425883;6.69;5.23;7.86;0;3.8364
HIP97433;297.0425559;70.26783557;22.43;79.51;39.6;0;3.9974
HIP97630;297.6416102;38.72216218;5.18;11.72;105.27;0;5.2536
HIP97649;297.6945085;8.86738488;194.52;536.01;385.16;0;0.8273
HIP97804;298.1181826;1.00567825;2.81;8.87;-8.19;0;4.044
HIP97938;298.5617574;8.46165024;16.26;101.68;-81.41;0;4.8749
HIP98032;298.8153294;-41.86841355;17.4;16.23;55.17;0;4.2773
HIP98036;298.8281923;6.40793338;72.83;45.81;-480.98;0;3.8668
HIP98066;298.959271;-26.2996863;40.72;203.52;74.69;0;4.8317
HIP98110;299.0766507;35.08349087;23.51;-34.14;-28.21;0;4.062
HIP98162;299.2367703;-27.16986251;2.82;9.01;-15.33;0;4.6951
HIP98286;299.5490378;-15.96957265;4.24;2.67;-42.63;0;7.7388
HIP98337;299.6891152;19.49209281;11.81;65.31;22.58;0;3.6215
HIP98353;299.7382347;-26.19582744;9.87;31.77;26.46;0;5.0045
HIP98412;299.9340597;-35.27624433;5.23;6.25;-25.43;0;4.3114
HIP98438;300.0137806;17.51654073;4.36;1.23;-13.38;0;5.3258
HIP98495;300.1474721;-72.9101845;30.98;80.62;-131.35;0;3.9531
HIP98583;300.3688826;64.82100451;5.83;9.2;-11.78;0;5.3131
HIP98608;300.4363428;-59.37582803;7.43;20.06;-26.06;0;4.7635
HIP98688;300.6644137;-27.7098797;7.25;32.59;14.4;0;4.4512
HIP98702;300.7043634;67.87344867;8.13;15.57;47.67;0;4.6768
HIP98761;300.8892142;-37.94049103;8.38;66.45;-84;0;4.9128
HIP98842;301.0815122;-32.0562693;10.02;45.84;-12.86;0;5.1365
HIP98920;301.2894775;19.99087707;20.25;30.16;80.05;0;5.2513
HIP99104;301.8076026;-69.55544942;4.81;8.39;-29.66;0;7.4878
HIP99120;301.8465361;-52.88080975;3.67;-13.91;9.86;0;5.0218
HIP99240;302.1744174;-66.179321;163.5;1211.16;-1129.78;0;3.6876
HIP99473;302.8261036;-0.82147567;11.95;36.18;4.65;0;3.2245
HIP99675;303.4079305;46.74132232;1.37;3.06;2.38;0;3.9123
HIP99848;303.8679921;47.71420521;2.41;2.56;1.36;0;4.0955
HIP99874;303.9423214;27.81423006;10.44;-33.64;3.83;0;4.654
HIP100027;304.4118999;-12.50821392;5.6;21.77;1.79;0;4.4114
HIP100064;304.5134103;-12.54485872;29.83;61.79;3;0;3.7388
HIP100195;304.8483303;-19.11850675;4.37;6.28;-10.16;0;5.4364
HIP100261;305.0249322;68.88025323;5;17.44;26.6;0;5.5486
HIP100345;305.2526909;-14.78140591;10.47;41.08;0.16;0;3.2104
HIP100453;305.5570835;40.25668152;2.17;2.67;-1.09;0;2.3549
HIP100587;305.9649837;32.1901857;10.38;43.8;-6.47;0;4.5795
HIP100751;306.4118733;-56.73488071;18.37;8.28;-85.42;0;1.8583
HIP101101;307.4123276;-2.88547635;16.94;70.85;-22.72;0;5.0735
HIP101421;308.303187;11.30333256;9.24;11.74;-24.21;0;3.9978
HIP101474;308.4757855;35.25086467;2.92;-2.54;-5.59;0;4.7334
HIP101692;309.1817794;-2.54991821;2.25;10.36;-16.08;0;5.0188
HIP101769;309.3869593;14.59520451;33.37;108.03;-36.48;0;3.723
HIP101772;309.3916234;-47.29166239;32.92;50.55;66.71;0;3.2707
HIP101810;309.4779433;18.26843115;10.26;35.18;62.01;0;5.7461
HIP101847;309.584473;-1.10507986;9.18;18.41;-18.54;0;4.4737
HIP101958;309.9093936;15.91205294;11.81;58.69;-0.4;0;3.765
HIP101984;310.012327;-18.13860629;4.49;-23.41;-21.87;0;5.2281
HIP102098;310.3579726;45.28033424;1.39;2;1.49;0;1.2966
HIP102164;310.5169183;-46.40015815;0.66;8.62;-2.2;0;7.5015
HIP102281;310.8647737;15.07468209;15.54;-20.85;-42.79;0;4.504
HIP102333;311.0091112;-51.92084051;41.25;156.17;-53.84;0;4.5841
HIP102395;311.2398152;-66.20323825;23.81;-42.89;11;0;3.4733
HIP102422;311.3219527;61.83679403;69.79;86.1;818.31;0;3.5692
HIP102453;311.4156631;30.71965681;15.72;-8.91;23.53;0;4.3754
HIP102485;311.5240255;-25.27051681;67.94;-51.89;-156.62;0;4.232
HIP102488;311.5518012;33.96945351;44.68;356.47;325.84;0;2.643
HIP102531;311.6619551;16.1246092;-89.6;-10.92;-191.69;0;5.2448
HIP102532;311.6646551;16.12478219;57.55;-29.68;-199.11;0;4.4364
HIP102618;311.9188856;-9.49568984;14.3;31.94;-35.12;0;3.7818
HIP102624;311.9343248;-5.02760308;8.08;0.15;-39.83;0;4.4921
HIP102736;312.2639402;22.39119943;10.08;23.28;32.51;0;7.9446
HIP102770;312.3218892;-0.56327507;3.32;-27.59;-25.37;0;6.1066
HIP102790;312.3705385;-46.22689245;7.78;38.74;26.58;0;5.0181
HIP102831;312.4919983;-33.77967324;8.86;10.05;-19.55;0;5.0571
HIP102950;312.8752081;-51.60816694;5.74;0.49;-4.89;0;5.2257
HIP102978;312.9554008;-26.91912639;4.82;-8.51;-2.08;0;4.2197
HIP103227;313.7024153;-58.45409468;5.34;19.31;-22.93;0;3.834
HIP103511;314.5681366;22.3259174;8.1;-3.25;-4.59;0;5.4389
HIP103675;315.1154078;19.32972581;5.29;-16.19;-59.9;0;5.7633
HIP103738;315.3227571;-32.2577669;14.2;-4.62;-2.9;0;4.8136
HIP103988;316.0337809;-47.96088308;0.13;16.26;-15.93;0;7.1483
HIP104060;316.2327325;43.92785124;2.6;8.25;1.03;0;3.8343
HIP104085;316.309305;-54.7269504;8.92;15.73;-36.79;0;5.3336
HIP104139;316.4865807;-17.23271106;20.62;81.51;-61.64;0;4.0838
HIP104194;316.6503673;47.64840597;3.19;6.13;-1.57;0;4.6764
HIP104234;316.7820226;-25.00574798;6.11;-27.05;-43.56;0;4.6097
HIP104252;316.8142895;-16.42255896;-0.31;2.65;-27.91;0;7.4741
HIP104459;317.3983034;-11.37165475;20.22;93.13;-15.36;0;4.6675
HIP104732;318.23409;30.22708159;25.07;-0.12;-55.84;0;3.3743
HIP104755;318.3351601;-70.12621721;3.53;40.75;-19.64;0;5.1359
HIP104858;318.6199591;10.00771872;53.76;40.62;-305.69;0;4.5929
HIP104887;318.6972789;38.0443236;60.53;162.35;451.95;0;3.8228
HIP104974;318.9367817;-15.17151249;4.65;23.31;4.6;0;5.3468
HIP104987;318.9558202;5.24807276;21.18;56.37;-84.82;0;4.0423
HIP105199;319.6440897;62.58545528;67.35;150.35;49.67;0;2.5141
HIP105319;319.9661818;-53.44926316;34.38;107.29;-67.02;0;4.4458
HIP105502;320.5213912;19.80435575;21.4;105.58;63.08;0;4.2483
HIP105515;320.5615725;-16.83455529;14.43;29.77;4.98;0;4.4388
HIP105858;321.6103838;-65.36814437;108.47;80.71;800.92;0;4.3296
HIP105881;321.6667817;-22.41137858;8.75;-1.09;22.5;0;3.9246
HIP106032;322.1648961;70.56069509;5.67;8.59;4.6;0;3.1438
HIP106039;322.1804835;-21.80716663;18.4;134.88;-5.53;0;4.6603
HIP106044;322.1866138;-69.50527325;8.34;81.23;-46.73;0;5.3361
HIP106062;322.2489881;22.17940424;4.59;31.68;8.55;0;5.7663
HIP106140;322.4869986;23.63882921;7.17;23.92;3.94;0;4.6178
HIP106278;322.8896696;-5.57115594;4.65;19.95;-7.54;0;3.0404
HIP106481;323.4953036;45.59206565;26.18;-24.21;-93.41;0;4.1415
HIP106642;324.0101755;45.37458683;5.25;63.5;0.75;0;5.4594
HIP106985;325.022259;-16.66225405;27.08;189.65;-22.35;0;3.766
HIP106999;325.0460874;43.27380044;7.93;60.98;15.51;0;5.18
HIP107089;325.3686376;-77.38946219;46.99;54.52;-239.45;0;3.8981
HIP107129;325.5045003;35.51019571;1.78;4.28;1.65;0;5.9822
HIP107151;325.564354;5.68015141;6.19;10.88;-5.4;0;5.3834
HIP107188;325.6642384;-18.86630109;11.1;146.59;-8.5;0;4.8794
HIP107259;325.8768954;58.78005297;0.89;3.62;-3.87;0;3.9123
HIP107315;326.046418;9.87500791;4.45;28.06;1.54;0;2.546
HIP107348;326.1278771;17.35004356;3.57;8.67;-10.64;0;4.5102
HIP107380;326.2366159;-33.02555304;15.85;31.75;-94;0;4.3337
HIP107382;326.2510287;-9.08242444;4.18;13.55;-1.54;0;5.2628
HIP107472;326.5181607;22.94888551;2.9;8.21;-2.43;0;5.4378
HIP107498;326.5894562;22.94633427;7.6;1.82;-13.45;0;7.7021
HIP107516;326.6326376;-2.21280607;7.86;25.22;20.21;0;5.9868
HIP107556;326.759522;-16.12656588;84.38;261.9;-296.46;0;2.9409
HIP108085;328.4818921;-37.36482336;18.04;101.2;-16.52;0;2.9763
HIP108317;329.1631007;63.62556648;0.08;-1.42;-2.4;0;5.111
HIP108431;329.4792955;-54.99256657;18.32;47.32;-4.12;0;4.4784
HIP108588;329.956654;23.94093164;1.76;-14.48;-22.63;0;6.5853
HIP108924;330.9705417;63.11977885;7.34;36.89;58.39;0;5.2411
HIP109068;331.4195498;5.0582845;12.6;101.26;100.6;0;4.999
HIP109074;331.4459387;-0.31982661;4.42;18.46;-10.58;0;3.108
HIP109111;331.5287652;-39.54304898;13.13;-24.25;-124.89;0;4.6247
HIP109139;331.609189;-13.86954013;19.08;40.41;-56.5;0;4.2648
HIP109176;331.7519773;25.34504615;85.05;295.59;25.58;0;3.8678
HIP109268;332.0578186;-46.96061585;31.55;127.4;-146.98;0;1.6983
HIP109285;332.0956381;-32.98839811;24.53;78.14;-27.52;0;4.5232
HIP109289;332.1080337;-34.04372106;5.83;4.81;-49.38;0;5.1195
HIP109427;332.5492485;6.19778899;32.85;273.03;25.89;0;3.5534
HIP109492;332.7135913;58.20124988;4.33;13.7;5.15;0;3.512
HIP109754;333.4695903;39.71489145;5.69;37.28;17.45;0;4.649
HIP109908;333.9036865;-41.34675012;11.24;43.88;24.74;0;4.9496
HIP109937;333.9923757;37.74873483;5.28;8.88;0.08;0;4.29
HIP110003;334.2081933;-7.78323705;17.07;119.02;-21.47;0;4.3335
HIP110130;334.6257516;-60.25949551;18.66;-67.05;-36.25;0;3.0103
HIP110256;335.0061675;-80.43964307;12.26;55.71;-43.05;0;4.9203
HIP110383;335.3698771;14.37020652;7.18;-13.82;-18.2;0;7.0095
HIP110395;335.4137498;-1.38735335;18.96;129.99;7.84;0;3.8423
HIP110478;335.6840916;-45.9479176;6.84;30.29;-17.01;0;5.4957
HIP110506;335.7824632;-45.92834717;24.59;233.54;-57.84;0;5.712
HIP110882;336.9644877;4.6964107;20.44;77.89;-306.91;0;4.9476
HIP110960;337.2075425;-0.02004775;7.29;177.36;-2.22;0;3.745
HIP110991;337.2926994;58.4151899;3.55;14.12;2.83;0;4.2767
HIP110997;337.3173085;-43.49555427;10.79;24.54;-2.72;0;4.1394
HIP111022;337.3825948;47.70689489;3.04;0.27;-2.15;0;4.428
HIP111043;337.4393554;-43.74922771;10.17;-14.69;3.2;0;4.1414
HIP111188;337.8762066;-32.34602798;21.93;59.28;-18.89;0;4.3003
HIP111310;338.2500526;-61.982073;11.74;39.9;-19.99;0;4.9252
HIP111497;338.8388705;-0.11736125;18.17;89.39;-56.11;0;4.0159
HIP111710;339.4392542;-4.22776291;13.86;-69.4;-120.32;0;5.2036
HIP111795;339.6577803;56.79571011;7.59;52.67;-31.82;0;5.117
HIP111944;340.1282598;44.27628063;10.73;93.67;10.94;0;4.6569
HIP111954;340.1638564;-27.04361485;5.23;26.08;-1.02;0;4.1591
HIP112029;340.3653118;10.83139117;15.37;77.3;-11.58;0;3.3887
HIP112122;340.6663953;-46.88456594;19.07;135.98;-3.93;0;2.0699
HIP112158;340.7505361;30.22131027;16.49;12.96;-26.28;0;3.0897
HIP112203;340.8748696;-41.41411845;14.53;9.63;-93.42;0;5.0001
HIP112211;340.8968857;-18.83030716;6.63;-31.52;-28.06;0;4.8257
HIP112374;341.4077168;-53.50016315;8.35;30.42;17.86;0;5.0034
HIP112405;341.515514;-81.38161722;23.4;-55.53;0.37;0;4.1964
HIP112440;341.6326766;23.56567942;8.47;56.66;-9.63;0;4.132
HIP112447;341.672673;12.17408392;60.98;232.67;-493.52;0;4.3058
HIP112623;342.1383215;-51.31670359;24.93;107.95;-63.74;0;3.519
HIP112716;342.3979577;-13.59253766;8.76;-13.75;-37.68;0;4.1494
HIP112724;342.4204674;66.20071087;28.38;-65.77;-125.31;0;3.6704
HIP112748;342.5004181;24.60168484;28.12;144.99;-42.51;0;3.6685
HIP112917;343.0081137;43.31236481;10.13;109.02;22.96;0;5.0542
HIP112948;343.1314925;-32.87544916;14.62;-33.86;-23.89;0;4.4672
HIP112961;343.1536017;-7.57967917;7.86;15.49;33.98;0;3.8072
HIP113136;343.6626637;-15.82076001;21.4;-41.44;-25.06;0;3.2964
HIP113246;343.9870502;-32.53970205;19.78;11.58;32.52;0;4.3677
HIP113288;344.1083278;49.73355095;1.78;-0.48;-2.74;0;5.0835
HIP113368;344.411773;-29.62183692;129.1;330.99;-163.54;0;1.1808
HIP113638;345.22031;-52.75410551;27.92;-65.78;-11.76;0;4.2774
HIP113881;345.9430558;28.08245463;16.35;187.56;137.18;0;2.4861
HIP113896;345.9878581;-4.79495356;32.8;320.87;38.13;0;6.8189
HIP113957;346.1648787;-53.96464716;8.59;57.4;-105.4;0;5.5023
HIP113963;346.1900702;15.2053679;23.85;61.39;-41.28;0;2.4784
HIP114119;346.6700279;-23.74311644;17.62;62.09;-4.21;0;4.6304
HIP114131;346.7198734;-43.5203221;29.24;-43.42;-15.51;0;4.3881
HIP114144;346.751066;9.40952267;9.92;7.84;-12.33;0;4.6352
HIP114341;347.3615087;-21.17248559;13.37;53.86;30.13;0;3.8484
HIP114347;347.381062;8.67717165;3.55;2.22;-2.3;0;5.0336
HIP114375;347.4786542;-22.45759278;6.33;31.27;-9.82;0;4.8351
HIP114407;347.5404956;-40.59143603;4.19;21.29;-45.4;0;5.9191
HIP114421;347.5892843;-45.24664722;15.75;132.85;-26.63;0;4.0494
HIP114489;347.8086342;5.00432805;4.72;2.42;-2.14;0;6.3201
HIP114724;348.5805522;-6.04852696;13.25;39.05;-195.55;0;4.3152
HIP114855;348.9719873;-9.08769549;21.93;368.52;-16.2;0;4.409
HIP114939;349.2122936;-7.7264662;5.39;-19.34;-13.75;0;4.9429
HIP114971;349.2895567;3.28224525;24.32;759.2;17.93;0;3.8482
HIP114996;349.3575509;-58.23592759;45.22;-26.97;80.56;0;4.0856
HIP115022;349.4359013;49.01528335;4.94;34.17;6.53;0;4.8813
HIP115033;349.4758484;-9.18248996;9.68;19.23;-11.17;0;4.3607
HIP115102;349.7059448;-32.53183575;18.69;21.9;-78.44;0;4.5777
HIP115227;350.0855711;5.38145151;9.39;78.64;-60.04;0;5.217
HIP115250;350.1592634;23.74035914;22.04;35.41;-3.34;0;4.6423
HIP115438;350.7429227;-20.10034503;19.72;-121.12;-97.04;0;4.118
HIP115444;350.7689883;12.3139519;8.93;19.8;-19.81;0;5.246
HIP115590;351.2093627;62.28283867;4.28;11.67;-11.3;0;5.0493
HIP115623;351.3444225;23.40401251;18.73;191.99;35.88;0;4.5524
HIP115669;351.5117389;-20.6418613;10.47;-50.88;-63.79;0;4.5083
HIP115830;351.9923659;6.37909725;20.46;-125.23;-43.3;0;4.4401
HIP115919;352.288585;12.76049284;18.52;61.34;25.97;0;4.7026
HIP116231;353.2424502;-37.81835954;21.17;93.65;28.92;0;4.3517
HIP116264;353.3670321;22.49881717;5.61;9.5;-16.25;0;5.3007
HIP116584;354.3904487;46.45917618;38.62;159.54;-421.67;0;3.9695
HIP116727;354.8374253;77.63196859;75.05;-51.97;167.58;0;3.3767
HIP116771;354.9867514;5.62735373;72.26;376;-437.26;0;4.2373
HIP116889;355.3938076;-18.02690134;5.34;-41.62;-71.62;0;5.4718
HIP116901;355.4408226;-17.81653325;5.34;14.57;0.62;0;4.9696
HIP116928;355.5120073;1.7804172;32.31;-130.86;-154.7;0;4.5578
HIP117020;355.843152;10.33150852;4.13;4.5;11.6;0;5.1768
HIP117245;356.5980704;3.48687166;4.86;-33.07;-24.82;0;4.9586
HIP117718;358.1220507;19.12037007;7.56;-7.04;-35;0;5.133
HIP117863;358.5959887;57.49939075;-0.1;-4.6;-3.25;0;4.6682
HIP117887;358.6943636;0.10934428;5.21;-40.18;-13.97;0;5.7395
HIP118131;359.43979;25.14147933;7.61;-35.47;-31.55;0;4.6918
HIP118209;359.6683774;-3.55580753;14.7;-58.76;-70.44;0;5.0432
HIP118268;359.8275099;6.86359372;30.93;149.01;-111.7;0;4.1219